first_name,last_name,birthdate,email,phone,address_id,registration_date,customer_id,VIP
Kalina,Cyroń,1978-06-01,KaliCyr75@gmail.com,417741821,457,2021-01-04,1,2023-02-27
Tobiasz,Bojdo,1943-01-21,TobBojd@live.com,687282938,85,2021-01-04,2,2021-02-23
Dorota,Zdobylak,1943-01-14,DoZdo@o2.pl,306134191,68,2021-01-04,3,2021-09-02
Вʼячеслав,Бабко,1960-12-31,ВʼячесБа@mail.ru,819422166,202,2021-01-04,4,2021-01-24
Giesela,Klapp,1945-11-30,GiesKla73@live.com,591126901,304,2021-01-04,5,2021-01-27
Leyla,Löffler,1998-10-12,LeylLöffl@gmx.net,829263378,551,2021-01-04,6,2021-05-01
Cyprian,Ciesielczyk,1957-09-29,CypriaCiesiel53@live.com,573242447,339,2021-01-04,7,2021-05-24
Sebastian,Tusk,1955-01-19,SebaTus@live.com,684983782,492,2021-01-04,8,2021-11-18
Krystyna,Godzisz,1988-11-11,KrystyGod@o2.pl,975284049,129,2021-01-04,9,2021-04-07
Fabian,Bzymek,2004-05-19,FabiaBzy11@gmail.com,609217210,1,2021-01-04,10,2022-12-05
Азар,Василечко,2009-12-29,АзаВасил80@gmail.com,320870264,458,2021-01-04,11,2022-12-25
Marika,Nieradzik,1994-06-19,MarNier@wp.pl,254816494,411,2021-01-04,12,2021-02-15
Aniela,Jaje,2001-01-17,AniJaj57@gmail.com,127758116,560,2021-01-04,13,2022-11-28
Arkadiusz,Pałęga,1975-09-24,ArPałęg@o2.pl,602422415,379,2021-01-04,14,2021-02-28
Maurycy,Pacocha,1978-09-12,MaPa70@o2.pl,589118058,187,2021-01-04,15,2021-03-07
Norbert,Sendor,1945-03-28,NorberSen@wp.pl,612732380,570,2021-01-04,16,2021-10-12
Nikodem,Żal,1969-06-07,NikŻa@wp.pl,261314311,121,2021-01-04,17,2022-01-02
Angelika,Rymarz,2005-04-07,AngelikRym16@o2.pl,138602281,123,2021-01-04,18,2022-08-13
Kaja,Stefankiewicz,1983-07-01,KajStefa56@gmail.com,815082174,282,2021-01-05,19,2021-09-25
Konstanty,Galek,2000-03-17,KonstanGale95@live.com,663394154,436,2021-01-05,20,2021-07-11
Iwo,Bazela,1984-10-07,IwBaz72@wp.pl,640907804,60,2021-01-05,21,2021-04-26
Grzegorz,Szafarz,1950-07-10,GrzegoSzaf@gmail.com,471376659,343,2021-01-05,22,2021-01-26
Stefan,Basaj,1988-10-27,StefaBas@live.com,589024427,67,2021-01-05,23,2021-01-28
Kamil,Dziurdzia,1945-06-08,KamDziur@gmail.com,370517817,577,2021-01-05,24,2022-01-27
Fabian,Sklorz,1960-03-27,FabiaSkl@o2.pl,981615427,372,2021-01-05,25,2021-01-11
Jan,Kanarek,2004-05-13,JaKana66@gmail.com,506839393,501,2021-01-05,26,2022-06-09
Віталій,Макогон,1996-05-26,ВіталіМако@gmail.com,387097929,200,2021-01-05,27,2023-02-05
Bianka,Frycz,1990-06-04,BianFryc3@gmail.com,602393114,278,2021-01-05,28,2021-01-31
Leon,Simon,1953-05-17,LeSi@live.com,399996022,194,2021-01-05,29,2021-09-28
Dorota,Węgier,1976-04-09,DoroWę@wp.pl,698451780,408,2021-01-05,30,2021-01-20
Kalina,Szkopek,1963-12-15,KaliSzko@live.com,418782277,167,2021-01-05,31,2021-02-26
Wojciech,Habdas,1944-02-16,WojHabd@o2.pl,715693024,589,2021-01-05,32,2021-04-17
Leon,Żabierek,1984-11-23,LeŻabiere75@gmail.com,207794955,39,2021-01-06,33,2022-05-11
Jan,Stypka,1958-09-13,JaStyp19@o2.pl,247868208,186,2021-01-06,34,2021-07-13
Natan,Pryk,1974-02-03,NatPry3@wp.pl,689080581,158,2021-01-06,35,2021-05-24
Hynek,Zeman,1970-08-14,HyZe35@gmail.com,926493670,418,2021-01-06,36,2022-04-13
Vladislav,Procházka,1947-09-08,VladProch@szn.cz,129892131,390,2021-01-06,37,2022-10-26
Sara,Wyroślak,2003-02-10,SarWyr@gmail.com,249126375,417,2021-01-08,38,2021-06-14
Róża,Słyk,1950-09-30,RóżSły@o2.pl,372827065,276,2021-01-10,39,2021-03-31
Ján,Pospíšil,1950-10-27,JáPos46live.com,733032110,64,2021-01-10,40,2021-04-01
Stefan,Koczy,1969-06-11,SteKocz@wp.pl,658147488,529,2021-01-10,41,2021-01-19
Kaja,Pędzik,1973-06-04,KajPę@live.com,908929758,220,2021-01-10,42,2022-05-03
Aurelia,Hasiak,1985-02-23,AureliHasi@wp.pl,625156428,163,2021-01-11,43,2022-05-23
Olgierd,Fronczek,2009-09-06,OlgiFr94@wp.pl,411856671,178,2021-01-11,44,2021-03-15
Gabriel,Bujas,1995-12-20,GaBu4@wp.pl,386585931,538,2021-01-13,45,2022-10-25
Nataniel,Sapa,1969-06-25,NataSa49@wp.pl,955715896,75,2021-01-13,46,2021-01-29
Dorota,Kuzior,1988-12-07,DoroKuzi17@wp.pl,312427232,334,2021-01-14,47,2021-02-17
Karol,Gieroń,2009-09-25,KaGi31@gmail.com,707080686,8,2021-01-14,48,2022-03-27
Kornelia,Bereda,1964-02-26,KorneBered70@wp.pl,943190505,354,2021-01-16,49,2021-03-31
Oliwier,Garncarz,1988-02-09,OliwieGa31@gmail.com,537629291,544,2021-01-18,50,2021-02-13
Jacek,Kamyszek,1961-04-07,JaKamy@gmail.com,465594738,7,2021-01-20,51,2021-06-07
Marcin,Doliwa,2006-12-27,MarDoli@wp.pl,266602622,522,2021-01-22,52,2021-07-24
Marek,Ławniczek,1953-07-28,MarŁaw@live.com,203618888,217,2021-01-23,53,2021-04-29
Jan,Kuboń,1974-08-06,JaKub@live.com,768237646,321,2021-01-23,54,2021-10-28
Róża,Froń,1946-12-19,RóFro52@o2.pl,588323734,70,2021-01-23,55,2021-09-10
Jakub,Loska,1992-04-05,JaLosk85@wp.pl,930003173,298,2021-01-24,56,2021-02-14
Alwina,Jacob,1957-03-22,AlJa85@live.com,801484884,250,2021-01-25,57,2021-10-04
Ярина,Самойленко,1951-01-15,ЯрСам@live.com,136688622,222,2021-01-26,58,2021-02-20
Nataniel,Ratka,1959-12-26,NatanieRat52@wp.pl,151255525,63,2021-01-27,59,2021-03-15
Alan,Kolber,1948-09-05,AlaKolb43@wp.pl,312651956,61,2021-01-28,60,2021-05-27
Еріка,Єрченко,1955-12-21,ЕрЄрчен@mail.ru,947061749,265,2021-01-28,61,2021-11-17
Maurycy,Guzdek,1996-03-20,MaurGuz@live.com,165581040,81,2021-01-29,62,2022-07-05
Chantal,Schomber,1967-10-04,ChaSchom@web.de,669488820,72,2021-01-29,63,2022-09-09
Kornel,Ciarka,1965-02-03,KorneCiark60@live.com,297415903,177,2021-01-29,64,2021-03-17
Світлана,Яценко,1961-06-26,СвітЯце74@live.com,267325135,106,2021-01-29,65,2023-05-10
Marika,Oleszko,1995-10-31,MarOl@live.com,800842180,430,2021-01-30,66,2021-10-29
Rozalia,Urynowicz,1977-09-08,RozalUrynowic18@gmail.com,445711516,491,2021-01-30,67,2021-10-28
Angelika,Ciuba,1982-07-25,AngelCiu@wp.pl,823888845,266,2021-01-30,68,2021-02-23
Ewelina,Peciak,1948-05-02,EwelinPec@o2.pl,916043542,478,2021-01-30,69,2023-06-05
Назар,Ґерета,1985-02-23,НазаҐере36@mail.ru,276117104,103,2021-01-30,70,2022-10-25
Ada,Ścibior,2000-07-16,AdŚcibio@gmail.com,474437087,6,2021-01-31,71,2021-11-29
Inga,Wawrzynowicz,1965-07-16,IngWawrzyn14@wp.pl,585062001,87,2021-01-31,72,2021-02-17
Aleks,Janiuk,2002-04-24,AlJaniu88@wp.pl,543299908,463,2021-01-31,73,2021-04-07
Inga,Kierat,1963-02-27,IngKie90@wp.pl,543320468,216,2021-01-31,74,2022-04-03
Leonard,Hyży,1976-06-05,LeHy61@o2.pl,912297349,262,2021-02-02,75,2022-03-05
Artur,Sapa,1999-04-25,ArtuSa@live.com,346941025,429,2021-02-02,76,2021-04-02
Justyna,Wąsek,2002-11-16,JuWąs53@wp.pl,257805732,341,2021-02-03,77,2021-12-24
Kacper,Kuza,2005-06-06,KacKuz@gmail.com,126245940,207,2021-02-07,78,2023-05-21
Julita,Zawal,1992-03-04,JulitZa@o2.pl,874103306,368,2021-02-09,79,2021-04-23
Justyna,Owsianka,1990-06-05,JustOwsiank82@gmail.com,234387565,287,2021-02-15,80,2022-03-26
Marcin,Klaus,1996-02-17,MarKl@wp.pl,275567722,333,2021-02-15,81,2023-02-21
Михайло,Титаренко,1975-11-24,МиТитарен@live.com,770639443,459,2021-02-16,82,2021-12-29
Jan,Padło,1974-12-14,JaPadł14@wp.pl,651989107,249,2021-02-16,83,2021-03-12
Angelika,Pyszczek,1987-07-13,AngelikPys23@o2.pl,638307017,140,2021-02-17,84,2021-05-22
Wiktor,Oleksak,1991-01-04,WiktoOlek@gmail.com,227914924,568,2021-02-17,85,2021-06-24
Konrad,Ciesielczyk,1971-11-16,KoCiesielcz@wp.pl,772383477,426,2021-02-18,86,2021-04-27
Eliza,Handke,1949-11-22,EliHa@wp.pl,770023277,441,2021-02-20,87,2021-08-16
Hubert,Seidel,1944-08-19,HubeSei90@gmail.com,947421246,58,2021-02-22,88,2021-04-08
Norbert,Majnusz,1956-10-03,NorberMajn0@o2.pl,149391101,184,2021-02-22,89,2022-10-24
Jakub,Dej,1952-05-16,JaDe19@gmail.com,270720583,238,2021-02-23,90,2023-05-24
Elżbieta,Walusiak,1949-12-06,ElżbWalu4@gmail.com,357416644,24,2021-02-24,91,2023-02-17
Marian,Kadlec,1946-10-01,MarKadle71live.com,791787436,502,2021-02-24,92,2022-01-22
Melania,Straszak,1960-01-26,MelaStrasza73@gmail.com,969592081,531,2021-02-24,93,2021-04-06
Angelika,Lemiesz,1983-04-06,AngeliLem49@live.com,628730118,51,2021-02-25,94,2021-03-11
Nicole,Koss,2003-11-22,NicolKo72@o2.pl,881489338,503,2021-02-26,95,2021-11-16
Sonia,Świątkiewicz,1960-11-27,SoŚwi50@live.com,342337521,43,2021-02-26,96,2021-04-18
Аніта,Артим,1966-07-05,АніАрти@mail.ru,296239415,364,2021-02-28,97,2021-11-20
Dawid,Grochola,1959-02-06,DawGroch@live.com,670379638,313,2021-02-28,98,2021-03-20
Kornelia,Ludwik,1958-10-12,KorneliLu85@o2.pl,220540693,324,2021-02-28,99,2021-07-16
Miłosz,Siudek,1943-09-04,MiSiu63@live.com,299848158,254,2021-03-01,100,2021-10-15
Agnieszka,Czylok,1948-11-26,AgnieszCzyl@live.com,396218842,498,2021-03-02,101,2021-03-28
Karina,Cyroń,1975-04-15,KariCy78@o2.pl,800620903,49,2021-03-03,102,2021-09-27
Karolína,Urbanová,2005-06-04,KarolUrb80@gmail.com,305695466,239,2021-03-03,103,2021-10-30
Sebastian,Stroka,1965-08-23,SebasStr@gmail.com,837135646,322,2021-03-04,104,2022-01-28
Alex,Pohl,1996-07-30,AlePoh55@live.com,229629065,90,2021-03-06,105,2021-08-14
Ida,Figat,1982-01-24,IdFi5@gmail.com,546537131,454,2021-03-07,106,2021-04-01
Hans Jörg,Warmer,1970-01-18,HanWarme@web.de,885584747,65,2021-03-08,107,2022-10-10
Tola,Rogula,1946-08-02,TolRo50@o2.pl,390193398,203,2021-03-08,108,2023-01-24
Uwe,Hauffer,1969-04-16,UwHau@live.com,108498299,290,2021-03-09,109,2021-03-19
Ada,Pizoń,1994-03-02,AdPiz23@gmail.com,757299862,229,2021-03-10,110,2021-04-27
Ліза,Іванченко,1998-09-01,ЛіІванченк30@gmail.com,303145773,504,2021-03-11,111,2021-08-24
Tobiasz,Białous,1979-07-29,TobiaBiał90@wp.pl,619996599,192,2021-03-12,112,2022-06-13
Гліб,Лемешко,1973-06-21,ГліЛеме@mail.ru,444168217,383,2021-03-13,113,2021-11-23
Filip,Brach,2007-02-06,FilBr91@gmail.com,441435121,232,2021-03-15,114,2021-07-18
Urszula,Ziemann,1985-05-31,UrszZieman@live.com,459442552,105,2021-03-16,115,2022-09-26
Ryszard,Kubrak,1953-02-20,RyszarKubr79@gmail.com,648371821,462,2021-03-17,116,2021-06-08
Inga,Łyskawa,2005-07-16,IngŁys4@gmail.com,460185816,545,2021-03-17,117,2021-09-24
Daniel,Kuśka,1996-12-05,DaniKuś62@live.com,769390222,214,2021-03-17,118,2023-05-24
Fritz,Tschentscher,1982-09-03,FriTschents@web.de,439420597,243,2021-03-20,119,2022-09-02
Natasza,Kulus,1951-01-02,NatasKul2@live.com,823823442,108,2021-03-23,120,2021-12-26
Monika,Szmajda,1944-03-06,MoniSzm64@gmail.com,164476409,268,2021-03-24,121,2021-07-31
Apolonia,Bona,1994-04-30,ApoloniBon94@wp.pl,238179047,399,2021-03-25,122,2023-02-26
Agnieszka,Wiewiórka,1995-09-22,AgniWiew37@live.com,672121148,316,2021-03-25,123,2022-03-03
Tymon,Oleksiuk,1947-12-24,TyOle@live.com,245587468,338,2021-03-27,124,2021-07-13
Anita,Labus,1942-06-30,AnLab@wp.pl,579271591,259,2021-03-28,125,2021-05-19
Natasza,Lalak,1975-07-30,NatLa15@gmail.com,419040568,152,2021-03-28,126,2021-08-19
Elżbieta,Kosałka,1991-02-12,ElKosałk89@wp.pl,921363525,590,2021-03-28,127,2022-07-20
Constanze,Jungfer,1965-07-05,ConsJungfe@gmx.net,450964764,135,2021-03-29,128,2021-05-11
Błażej,Przewoźnik,1948-05-29,BłPrzewoź87@wp.pl,328826180,80,2021-03-30,129,2022-03-07
Norbert,Andrzejuk,1981-12-17,NorbeAndr@live.com,178557923,431,2021-04-01,130,2022-10-06
Nela,Zera,2000-04-29,NelZer@live.com,501009111,414,2021-04-04,131,2023-06-13
Roksana,Kozar,1997-02-13,RokKo@wp.pl,809631422,467,2021-04-04,132,2021-06-26
Patryk,Knapek,1948-08-16,PaKna78@o2.pl,952426472,59,2021-04-05,133,2022-01-03
Konrad,Tondera,1969-01-24,KonrTonder24@wp.pl,322614404,374,2021-04-07,134,2022-10-31
Anastazja,Danel,1979-10-15,AnastaDan22@live.com,651535277,536,2021-04-09,135,2022-08-28
Maks,Stypuła,1943-01-11,MaSt9@gmail.com,124427727,387,2021-04-10,136,2021-05-18
Nicole,Sobisz,1958-01-01,NicSobis94@gmail.com,133363064,224,2021-04-10,137,2021-05-21
Sebastian,Tutka,1952-03-20,SebastTut66@wp.pl,123857220,3,2021-04-11,138,2023-05-26
Sebastian,Kuropatwa,2000-05-03,SebasKuropa3@gmail.com,634811773,460,2021-04-12,139,2022-03-21
Tobiasz,Ślebioda,2007-02-16,TobiasŚlebio98@live.com,948219056,139,2021-04-14,140,2022-09-20
Rozalia,Snoch,1948-09-23,RozalSn@live.com,454530073,542,2021-04-14,141,2021-05-07
Liwia,Goj,1994-01-10,LiGo83@o2.pl,634117780,174,2021-04-14,142,2021-10-21
Dominika,Marková,1947-03-14,DoMark29@gmail.com,451443926,124,2021-04-14,143,2022-12-18
Adrianna,Burnat,1942-10-20,AdriBur54@live.com,281584893,142,2021-04-14,144,2021-11-15
Maks,Tadla,2004-11-25,MakTad@gmail.com,818678196,279,2021-04-15,145,2021-09-21
Ryszard,Wojsa,1964-01-04,RyWojs76@gmail.com,545736252,50,2021-04-16,146,2023-01-23
Gaja,Wacławczyk,1962-06-21,GajWac30@o2.pl,845448363,92,2021-04-17,147,2022-12-21
Ewelina,Majdan,2007-08-05,EweliMajda@live.com,129928071,196,2021-04-20,148,2022-11-29
Iva,Němcová,1971-01-18,IvNěmcovlive.com,961998687,434,2021-04-22,149,2021-06-21
Andrzej,Chlebek,1970-12-28,AndChl@gmail.com,429326676,23,2021-04-23,150,2022-09-03
Konrad,Malka,1990-09-06,KoMalk32@live.com,810427270,595,2021-04-23,151,2021-04-24
Sylwia,Starzak,1984-04-30,SylwiStarz27@o2.pl,929623652,574,2021-04-24,152,2023-05-31
Ewa,Sommerfeld,1983-05-12,EwSommer@wp.pl,218664280,47,2021-04-25,153,2021-05-10
Kamil,Ratka,1982-01-14,KaRatk5@o2.pl,547724844,409,2021-04-27,154,
Sonia,Browarczyk,1967-04-01,SoniBrowar@gmail.com,321748221,445,2021-04-28,155,2021-06-18
Cyprian,Pyć,1943-02-12,CypriaPy85@gmail.com,193434784,11,2021-04-28,156,2021-11-20
Olaf,Ufniarz,1992-03-15,OlUfni@wp.pl,564134558,193,2021-04-29,157,2021-12-19
Witold,Jaremek,1946-03-20,WitoJare13@live.com,320177773,526,2021-05-01,158,2021-11-04
Julita,Złotek,1972-01-21,JuliZło@o2.pl,452427642,209,2021-05-02,159,2023-06-10
Józef,Celuch,1965-02-22,JózeCel1@o2.pl,505236241,205,2021-05-03,160,2022-05-19
Kaja,Kazberuk,1995-03-26,KajKaz70@live.com,425196931,17,2021-05-04,161,2022-02-21
Анастасія,Зінченко,1980-03-17,АнастасЗінчен17@gmail.com,780951816,91,2021-05-06,162,2021-12-15
Ksawery,Tylman,1954-07-12,KsawTyl@gmail.com,191715327,114,2021-05-06,163,2023-03-11
Agnieszka,Bejnarowicz,1972-12-16,AgniesBejnarowic20@o2.pl,857916346,515,2021-05-07,164,2022-06-21
Adam,Frankowicz,1988-08-26,AdFrankowic41@wp.pl,291800961,145,2021-05-08,165,2022-05-20
Святослава,Вернидуб,1953-02-07,СвВерниду@mail.ru,898755283,195,2021-05-13,166,2022-09-18
Błażej,Gustaw,1954-10-31,BłażGusta17@live.com,806673933,317,2021-05-14,167,2021-07-18
Rozalia,Kloska,1974-09-09,RozaKlo14@live.com,666389963,260,2021-05-15,168,2021-07-13
Kornelia,Zaraś,1989-09-27,KorneliZa98@gmail.com,493081713,331,2021-05-16,169,2021-10-22
Ksawery,Baszak,2008-04-15,KsaBas32@o2.pl,717289127,113,2021-05-17,170,2021-07-28
Paweł,Dziób,1946-08-08,PaweDzió4@o2.pl,871157177,133,2021-05-20,171,2023-01-18
Marcelina,Grębowiec,1943-06-27,MarcelinGrę@wp.pl,653440958,521,2021-05-21,172,2022-10-05
Wojciech,Dudko,1984-11-07,WojciDud@o2.pl,351103441,541,2021-05-21,173,2021-09-16
Ірина,Юрчишин,2009-12-15,ІрЮрч18@gmail.com,910737123,567,2021-05-21,174,2021-06-10
Kornelia,Hornik,2002-10-07,KornelHorn@o2.pl,859955310,510,2021-05-22,175,2021-06-02
Szymon,Szumna,1949-02-23,SzSz@gmail.com,926880977,309,2021-05-23,176,2021-06-17
Sara,Kurcz,1985-05-03,SaKur@gmail.com,974381773,563,2021-05-23,177,2021-09-18
Bianka,Kierepka,1948-10-08,BianKier@live.com,610788205,230,2021-05-23,178,2021-10-08
Ida,Chudoba,1985-09-04,IdChudob30@gmail.com,433002852,485,2021-05-23,179,2022-08-20
Róża,Potoczek,1974-05-15,RóżPotocz@gmail.com,259332327,189,2021-05-25,180,2023-03-14
Paweł,Tórz,1978-12-03,PawTó39@wp.pl,871817660,375,2021-05-25,181,2023-03-14
Justyna,Subocz,1945-01-19,JusSub@live.com,181541722,596,2021-05-25,182,2022-11-07
Bruno,Senator,1999-01-11,BruSena@wp.pl,375673142,300,2021-05-26,183,2022-02-26
Arkadiusz,Korzeniak,1969-08-12,ArkKorzeni99@live.com,239581823,576,2021-05-26,184,2023-04-06
Filip,Stuglik,1955-11-29,FiSt11@o2.pl,901724335,474,2021-05-27,185,2021-09-28
Юхим,Титаренко,1956-08-03,ЮхТитаре73@live.com,957445292,362,2021-05-28,186,2021-07-31
Peter,Svoboda,1973-03-03,PeteSvo40@szn.cz,224788012,382,2021-05-30,187,2021-06-20
Paweł,Pakos,2007-11-27,PawPak@gmail.com,125913188,469,2021-05-30,188,2022-10-22
Kajetan,Cader,1998-08-03,KaCa@o2.pl,827718201,303,2021-05-30,189,2021-07-31
Karol,Kalisiak,1964-12-17,KarKalisia@gmail.com,129870203,295,2021-06-01,190,2021-11-14
Julita,Kuffel,1959-03-10,JulitKu42@gmail.com,889455495,366,2021-06-02,191,2021-09-09
Fabian,Litewka,1981-09-01,FabiaLitewk9@gmail.com,676701539,565,2021-06-03,192,2022-05-30
Kamil,Dulik,1960-08-07,KaDu76@o2.pl,818576141,181,2021-06-03,193,2021-07-07
Albert,Smętek,1975-05-23,AlbeSmęt34@wp.pl,903327756,170,2021-06-05,194,2022-07-23
Miłosz,Ferdyn,1966-04-11,MiłFer@wp.pl,336547231,301,2021-06-07,195,2023-01-26
Kajetan,Sereda,1986-07-18,KajeSere14@live.com,312957782,330,2021-06-07,196,2023-02-18
Ярослава,Василечко,1966-04-20,ЯрославВас19@gmail.com,389221402,405,2021-06-09,197,2023-05-12
Леонтій,Атаманчук,2007-12-15,ЛеонАтаман80@gmail.com,419392927,447,2021-06-09,198,2022-05-02
Kajetan,Wincenciak,1949-09-21,KajetaWin@live.com,465952822,71,2021-06-09,199,2022-08-18
Krzysztof,Kuśmider,1951-03-10,KrzyszKuśmide@live.com,116969739,359,2021-06-10,200,2021-07-17
Michal,Novotný,2001-08-18,MichaNo38@szn.cz,115716948,32,2021-06-13,201,2021-07-10
Marcin,Mućka,1974-06-05,MarMu97@o2.pl,984704854,210,2021-06-13,202,2022-02-24
Cyprian,Leżoń,1962-12-31,CypriLe60@o2.pl,574120996,586,2021-06-15,203,2021-07-06
Kristina,Pergande,1979-10-02,KristinPer41@gmx.net,738135482,94,2021-06-15,204,2022-07-23
Justyna,Żyrek,1952-02-02,JusŻyr15@gmail.com,177789001,162,2021-06-16,205,2021-10-25
Olaf,Wawryniuk,2000-10-17,OlWawryn89@o2.pl,238784680,141,2021-06-16,206,2021-09-29
Robert,Mitera,1997-10-24,RoMiter83@wp.pl,627876326,13,2021-06-16,207,2023-02-13
Agnieszka,Gawliczek,1961-03-17,AgGawl68@gmail.com,867717216,211,2021-06-17,208,2021-12-15
Ján,Novotný,2007-03-26,JáNov83live.com,276504693,480,2021-06-17,209,2021-12-23
Fryderyk,Mokwa,1957-06-28,FrMokw@wp.pl,713924584,228,2021-06-17,210,2021-12-22
Ida,Hynek,2007-11-15,IdHyn@o2.pl,957367194,553,2021-06-18,211,2021-09-14
Anita,Habdas,1944-07-25,AnitHabd@gmail.com,737320475,255,2021-06-18,212,2021-06-29
Анастасія,Данченко,1963-10-11,АнастасДанченк@gmail.com,196809082,598,2021-06-19,213,2022-09-04
Olga,Kranc,2006-05-06,OlgKra34@wp.pl,898704333,272,2021-06-19,214,2021-07-13
Filip,Steinke,1983-05-27,FiliSte75@o2.pl,129088064,388,2021-06-19,215,2023-01-25
Ida,Basaj,2007-01-26,IdBasa@o2.pl,658514273,115,2021-06-21,216,2021-12-05
Leon,Kozon,1995-08-29,LeoKo@gmail.com,127922471,443,2021-06-21,217,2021-09-10
Tadeáš,Němec,1980-12-16,TaNěm1@szn.cz,468287732,420,2021-06-22,218,2022-12-02
Павло,Гавришкевич,1969-08-26,ПаГа@gmail.com,712896692,578,2021-06-24,219,2022-02-25
Sonia,Mszyca,1953-12-27,SonMsz@wp.pl,643671147,342,2021-06-24,220,2021-09-10
Eryk,Kliber,1953-05-10,ErKlib11@gmail.com,725729496,473,2021-06-25,221,2023-02-22
Степан,Безбородьки,2009-09-23,СтепаБезбо@gmail.com,229725735,539,2021-06-27,222,2022-11-30
Sonia,Stebel,1942-09-19,SoniSt@live.com,544452374,583,2021-06-30,223,2022-08-19
Antoni,Hadaś,1952-08-23,AntHa@gmail.com,326267988,271,2021-06-30,224,2021-11-28
Apolonia,Kus,1994-12-29,ApolKu32@wp.pl,172894710,346,2021-06-30,225,2022-03-22
Iwo,Skupin,2002-12-09,IwSku18@gmail.com,863071939,83,2021-07-01,226,2021-12-05
Roksana,Krzan,1972-10-23,RokKrza23@o2.pl,519627251,487,2021-07-03,227,2021-11-09
Sylwia,Ślebioda,1947-06-17,SylwŚl@live.com,931653910,446,2021-07-04,228,2021-12-06
Kornelia,Pałęga,1990-09-01,KoPał45@wp.pl,816814249,361,2021-07-04,229,2023-03-27
Mieszko,Andruszko,1972-07-07,MiAndruszk86@wp.pl,998893307,231,2021-07-04,230,2021-08-19
Balthasar,Junk,1943-06-23,BalthasaJun@web.de,325675584,191,2021-07-05,231,2021-08-20
Sylwia,Kajak,1988-02-05,SylwiKa45@gmail.com,591097971,148,2021-07-06,232,2022-01-08
Miłosz,Mędrala,1995-06-17,MiłMędr@live.com,673196131,16,2021-07-06,233,2021-08-13
Sara,Twardosz,1969-01-08,SaTwar@gmail.com,536887778,204,2021-07-06,234,2022-05-08
Beatrix,Pieper,1973-01-02,BeatrPi63@web.de,105073778,306,2021-07-07,235,2023-06-13
Ewa,Sławik,1963-02-21,EwSławi40@gmail.com,802938235,227,2021-07-08,236,2022-04-20
Богодар,Шинкаренко,1961-08-19,БогоШинкаренк@live.com,348783001,151,2021-07-11,237,2021-12-27
Juliusz,Nieścioruk,1994-12-05,JuliusNieścioru@gmail.com,351481601,509,2021-07-12,238,2023-01-04
Klara,Litwińczuk,1954-06-26,KlarLitwiń@live.com,916275381,185,2021-07-13,239,2021-12-18
Agnieszka,Gonsior,1961-11-28,AgnieGonsio34@live.com,573694723,307,2021-07-15,240,2022-04-19
Hubert,Durlak,2009-07-06,HubDur63@live.com,167754031,26,2021-07-15,241,2023-04-02
Dorota,Świętoń,1952-02-06,DorŚwi35@wp.pl,639444028,38,2021-07-16,242,2023-03-04
Blanka,Kuryłowicz,1952-05-31,BlaKur9@o2.pl,387896067,373,2021-07-18,243,2022-08-11
Karoline,Reuter,1968-03-15,KaroliReut13@web.de,635754340,555,2021-07-19,244,2023-01-01
Альбіна,Парасюк,1956-05-10,АлПар@live.com,719923058,34,2021-07-19,245,2022-04-20
Kajetan,Gumuła,1985-08-05,KajetaGum77@wp.pl,903316876,37,2021-07-19,246,2021-11-07
Łukasz,Szajna,1975-10-13,ŁuSza@live.com,441501914,263,2021-07-20,247,2023-06-08
Sylwia,Plona,1980-02-27,SylwiPl22@gmail.com,408856632,69,2021-07-20,248,2022-10-24
Patryk,Szarzec,1956-03-06,PatrSzarz@live.com,733294216,476,2021-07-20,249,2022-08-21
Karol,Aleksiejuk,2001-09-22,KaroAl86@wp.pl,433567284,513,2021-07-21,250,2023-05-03
Михайлина,Романенко,2003-03-05,МихРоманенк@live.com,242872964,31,2021-07-21,251,2022-02-08
Marcin,Dziechciarz,1985-01-01,MarciDz43@live.com,352949320,525,2021-07-23,252,2023-04-27
Владислав,Андрієвич,1983-07-13,ВладАндрієв83@mail.ru,394889562,56,2021-07-24,253,2021-11-23
Fabian,Burkiewicz,2000-12-28,FaBu68@live.com,530447617,552,2021-07-24,254,2023-03-21
Ida,Saran,1982-09-03,IdSa@gmail.com,542920879,172,2021-07-24,255,2022-09-17
Liwia,Karaśkiewicz,1987-02-23,LiKara56@wp.pl,111369740,400,2021-07-25,256,2022-08-29
Eryk,Frycz,1955-10-24,ErFry28@wp.pl,866421459,35,2021-07-28,257,2021-09-18
Ярина,Байдак,1977-09-29,ЯриБайд@gmail.com,771515166,550,2021-07-30,258,2023-05-10
Daniel,Tyniec,1991-10-16,DanTynie47@live.com,869788863,10,2021-07-30,259,2022-11-19
Aurelia,Oszust,2004-01-17,AureOszus@o2.pl,896312521,168,2021-07-30,260,2022-08-19
Stanisław,Szołtysik,1986-04-26,StaSzoł@wp.pl,432312535,48,2021-07-31,261,2022-03-24
Fryderyk,Młyńczak,2005-09-30,FryderyMłyńcza@wp.pl,546140850,30,2021-08-01,262,2022-05-18
Kalina,Przewoźny,1950-09-30,KaliPrzewo96@live.com,911746287,40,2021-08-01,263,2023-01-19
Edeltraud,Barkholz,1950-02-23,EdeltrBark@live.com,777880278,448,2021-08-01,264,2021-08-23
Ewa,Kopik,1960-10-08,EwKopi@o2.pl,253135790,412,2021-08-01,265,2022-08-07
Tymoteusz,Szymanik,1976-04-07,TymoteusSzyma60@wp.pl,822869165,169,2021-08-02,266,2021-08-22
Sonia,Talaśka,2006-02-01,SonTal@live.com,974809540,475,2021-08-04,267,2023-05-19
Paweł,Walocha,1984-01-01,PaWal75@gmail.com,450133514,267,2021-08-04,268,2023-05-07
Maciej,Bugla,1977-06-27,MaciBu24@gmail.com,797737308,407,2021-08-05,269,2022-08-09
Olga,Pysz,1954-04-15,OlPy90@live.com,455797208,15,2021-08-08,270,2023-01-23
Błażej,Rymarz,1962-07-05,BłażeRym64@live.com,765325765,257,2021-08-08,271,2022-07-16
Стефан,Козаченко,1967-07-12,СтКозачен71@mail.ru,483871242,508,2021-08-10,272,2022-03-26
Tomasz,Kobos,2000-01-07,TomasKob@live.com,449979741,571,2021-08-11,273,2023-04-19
Krystyna,Durlik,2009-08-09,KrystyDurli54@live.com,357297825,395,2021-08-11,274,2023-04-27
Olgierd,Suda,1954-09-06,OlgSu20@wp.pl,171071217,104,2021-08-12,275,2023-04-14
Antoni,Opioła,1995-07-22,AntoOpioł@wp.pl,343333785,397,2021-08-12,276,2022-07-28
Tola,Salwin,1949-06-12,TolSalw@wp.pl,306287988,591,2021-08-12,277,2022-03-11
Аніта,Аверченко,2010-02-25,АніАверче22@live.com,462624123,393,2021-08-14,278,2023-01-20
Julita,Kluczyk,1969-05-03,JuliKluczy@o2.pl,776385712,208,2021-08-14,279,2021-08-31
Andrzej,Zagrajek,1959-12-22,AndrzeZagraje95@gmail.com,785131321,575,2021-08-15,280,2022-11-16
Karina,Góraj,1979-04-01,KariGór64@o2.pl,630949332,175,2021-08-15,281,2022-05-30
Janina,Bystrek,1975-08-05,JaninBystre33@gmail.com,835890115,451,2021-08-17,282,2021-11-20
Ada,Koniecko,1959-02-07,AdKon36@wp.pl,626066806,45,2021-08-19,283,2022-06-07
Inga,Ziółko,1952-12-28,IngZió43@gmail.com,394179224,355,2021-08-19,284,2021-11-14
Sonia,Ostapiuk,1964-02-18,SonOstapiu@live.com,300870281,386,2021-08-19,285,2022-04-05
Jeremi,Świerkosz,1947-02-01,JeŚw1@wp.pl,889865563,500,2021-08-19,286,2023-02-20
Róża,Hawrylak,1946-09-23,RóHaw@wp.pl,582871072,425,2021-08-20,287,2022-04-16
Hubert,Mijas,2010-01-07,HubMija64@live.com,739512171,98,2021-08-22,288,2023-04-03
Marianna,Wika,1956-01-27,MarWi@gmail.com,936044245,241,2021-08-22,289,2023-05-18
Melissa,Bachmann,1945-03-30,MeBachman@gmail.com,647491307,292,2021-08-24,290,2022-10-08
Marcin,Bielas,1982-01-17,MarBiel@live.com,237982840,269,2021-08-25,291,2023-01-05
Dagmara,Członka,1958-10-19,DagmCz52@wp.pl,842488138,435,2021-08-25,292,2021-10-19
Mateusz,Korda,1943-01-25,MaKo4@o2.pl,354105404,111,2021-08-29,293,2022-05-26
Konstanty,Słoka,1984-02-10,KonstantSłok0@wp.pl,368669968,173,2021-08-29,294,2022-02-23
Dawid,Zapiór,1987-06-11,DaZapió@o2.pl,219528220,25,2021-09-03,295,2022-01-12
Jakub,Kowaluk,1985-06-22,JaKow@wp.pl,899068139,197,2021-09-05,296,2022-09-05
Libor,Moravec,1946-01-25,LiMora78@szn.cz,958781837,144,2021-09-05,297,2023-01-12
Sara,Wujec,2010-06-23,SarWuje52@gmail.com,704128290,150,2021-09-06,298,2023-01-01
Marcin,Marach,2009-06-12,MarMara70@wp.pl,102561687,594,2021-09-06,299,2022-10-28
Sara,Skrzecz,1944-05-22,SaSkrze@o2.pl,676051949,511,2021-09-06,300,2023-01-15
Aurelia,Nagel,2000-03-27,AurNa63@wp.pl,834661195,516,2021-09-07,301,2022-10-23
Alex,Bąkiewicz,1968-10-25,AleBąki@wp.pl,208831621,481,2021-09-07,302,2022-12-24
Marianna,Potoczek,1947-07-25,MaPo@live.com,563059797,404,2021-09-08,303,2021-11-30
Radosław,Brzęk,2001-02-07,RadosłaBrz33@wp.pl,700654697,493,2021-09-09,304,2022-07-05
Julita,Margas,1994-08-23,JulitMarga54@live.com,886547868,530,2021-09-10,305,2021-12-29
Eryk,Jędra,1951-03-30,EryJę@wp.pl,467005073,137,2021-09-10,306,2023-02-16
Віталій,Гузій,1975-12-29,ВіГуз73@live.com,345791456,572,2021-09-11,307,2021-10-17
Józef,Małys,1986-07-11,JózMa0@live.com,897451729,315,2021-09-12,308,2023-02-18
Jan,Minkiewicz,1996-08-12,JaMinkiewic29@wp.pl,319223706,275,2021-09-15,309,2022-08-03
Оксенія,Харченко,1981-09-20,ОксХарчен42@mail.ru,566113548,235,2021-09-17,310,2023-01-15
Dagmara,Armata,1990-05-30,DagmArma5@o2.pl,922278595,461,2021-09-18,311,2023-03-18
Konstanty,Korbut,1983-06-15,KoKo@o2.pl,533833262,153,2021-09-18,312,2022-10-22
Ingolf,Rogner,1955-07-18,IngoRogne50@gmx.net,977689332,132,2021-09-19,313,2022-03-08
Tobiasz,Polnik,2009-06-15,TobPoln@o2.pl,535613429,179,2021-09-19,314,2022-10-15
Darko,Oestrovsky,1965-06-18,DarOestr44@gmail.com,807074612,219,2021-09-19,315,2022-11-11
Natasza,Stępka,1945-08-16,NaStępk21@wp.pl,386360032,119,2021-09-20,316,2022-07-25
Elżbieta,Klus,1998-04-03,ElKl64@gmail.com,651029856,14,2021-09-21,317,2022-07-12
Sandra,Handke,1947-12-10,SaHandk@o2.pl,577256063,308,2021-09-21,318,2022-02-10
Albert,Baszak,1974-01-08,AlBasza64@wp.pl,871446513,41,2021-09-24,319,2022-04-21
Tymoteusz,Imiołczyk,1947-01-09,TymImioł83@wp.pl,881638904,546,2021-09-25,320,2022-12-14
Орина,Затовканюк,2005-03-19,ОрЗатовка@live.com,462250106,236,2021-09-27,321,2021-12-15
Gaja,Gryka,1982-10-08,GaGry10@wp.pl,174980318,327,2021-09-29,322,2023-04-30
Марина,Гавриленко,1956-01-15,МариГа11@mail.ru,194325697,394,2021-10-01,323,2021-12-05
Andrzej,Chatys,1968-04-08,AndrzeChaty90@o2.pl,159708453,134,2021-10-02,324,2023-06-10
Kajetan,Breś,1959-06-11,KajetBre94@wp.pl,167506734,350,2021-10-02,325,2021-11-27
Марина,Даниленко,1970-11-28,МариДаниленк26@live.com,352006586,452,2021-10-03,326,2022-11-27
Wanda,Karz,1980-11-06,WanKa36@web.de,852143130,486,2021-10-03,327,2021-11-17
Krystian,Furmankiewicz,1944-01-30,KrystiFurmanki65@live.com,690099496,528,2021-10-04,328,2022-02-03
Eliza,Hartman,1980-09-13,ElHar@live.com,338700767,483,2021-10-05,329,2022-05-04
Dariusz,Humeniuk,1951-09-12,DariusHumen96@live.com,387065872,416,2021-10-07,330,2023-03-09
Ida,Pupek,1987-09-15,IdPupe98@wp.pl,868679634,582,2021-10-08,331,2021-12-17
Maksymilian,Zbrożek,1952-01-14,MaksymiliZb91@live.com,439271542,367,2021-10-08,332,2022-03-03
Одарка,Сомко,2005-04-08,ОдСом14@gmail.com,466502344,76,2021-10-08,333,2022-05-27
Wojciech,Deneka,1951-02-16,WojDene30@live.com,707532486,547,2021-10-09,334,2023-05-22
Jacek,Oślizło,1947-12-17,JacOś@o2.pl,222185207,579,2021-10-10,335,2023-03-26
Radosław,Ośko,1975-04-26,RadOśk8@live.com,868997229,554,2021-10-11,336,2022-02-10
Apollonia,Krause,1953-08-19,ApolKra@live.com,328076171,156,2021-10-13,337,2022-02-05
Kamil,Giers,1951-06-26,KamGier54@gmail.com,668618387,109,2021-10-13,338,2023-03-02
Gustaw,Czubaj,2005-11-04,GustCz@o2.pl,707832383,437,2021-10-14,339,2023-01-31
Ferdi,Kuhl,1955-09-01,FerKu13@gmail.com,741019617,438,2021-10-15,340,2021-11-05
Urszula,Pusz,1970-12-22,UrszuPu19@live.com,378606881,533,2021-10-15,341,2023-02-20
Fabian,Siatka,1980-07-15,FabiSia@o2.pl,751253700,128,2021-10-16,342,2022-10-04
Wiktor,Rolek,1991-09-07,WikRo@wp.pl,408037757,517,2021-10-17,343,2022-08-04
Ksawery,Michnik,1994-04-07,KsMic96@live.com,403194617,318,2021-10-18,344,2022-08-30
Karina,Sztuba,2006-08-11,KariSztu42@o2.pl,895840864,442,2021-10-19,345,2022-02-08
Cezary,Drewnik,1978-11-16,CeDrewni22@gmail.com,675603497,289,2021-10-20,346,2022-01-15
Artur,Januchta,1950-09-12,ArtuJanu9@gmail.com,853352330,161,2021-10-21,347,2022-03-20
Прохір,Вдовиченко,2005-11-21,ПрВдовиченк83@live.com,524325223,534,2021-10-21,348,2022-11-12
Oskar,Drewniok,1948-08-04,OsDrewn55@o2.pl,740470657,455,2021-10-22,349,2023-04-30
Bianka,Labocha,1986-07-29,BiaLaboch87@o2.pl,407616686,440,2021-10-24,350,2022-07-18
Oliwier,Słupik,1944-10-23,OliwiSłup@wp.pl,657141456,125,2021-10-24,351,2022-11-30
Bruno,Galica,1975-07-29,BruGalic24@live.com,353553176,242,2021-10-26,352,2023-05-06
Arzu,Höfig,1953-10-29,ArHöfi72@live.com,115458541,166,2021-10-29,353,2022-01-20
Sára,Štěpánková,1957-09-19,SárŠtěpánk@gmail.com,392909259,44,2021-10-30,354,2023-05-02
Мілена,Джус,1969-03-31,МіленДж89@live.com,525165046,164,2021-10-31,355,2022-01-03
Anastazja,Daraż,1964-03-26,AnDa34@o2.pl,957018854,293,2021-10-31,356,2022-07-05
Aurelia,Morgała,1995-12-31,AureliMo9@wp.pl,606139982,223,2021-11-02,357,2022-12-06
Kamila,Grab,1945-07-06,KamiGr74@gmail.com,620640059,549,2021-11-03,358,2022-09-22
Franciszek,Śliz,2002-08-24,FranciszeŚl7@wp.pl,799060377,471,2021-11-05,359,
Jana,Dvořáková,1967-05-06,JaDvo@gmail.com,582269634,198,2021-11-06,360,2023-05-10
Elżbieta,Wenzel,1964-10-07,ElżWen69@wp.pl,611571618,299,2021-11-08,361,2022-06-25
Wojciech,Feret,1977-12-08,WojFe62@live.com,364115923,155,2021-11-09,362,2022-02-27
Nikodem,Paściak,1988-11-09,NikodePaśc55@wp.pl,649701845,482,2021-11-11,363,2021-12-17
Monika,Seidel,2001-10-15,MoniSeide42@live.com,814473538,499,2021-11-11,364,2022-08-01
Lidia,Kostek,1994-08-31,LidKo29@live.com,650548862,585,2021-11-13,365,2022-07-08
Olga,Orszulik,1954-11-18,OlOrs80@o2.pl,111127234,147,2021-11-13,366,2022-12-21
Michaele,Mohaupt,1977-11-24,MichaMoh94@live.com,226831139,444,2021-11-14,367,2023-03-22
Melania,Dyka,1956-12-09,MeDyk4@wp.pl,501619172,101,2021-11-14,368,2023-03-14
Róża,Uzar,1954-01-06,RóUza@live.com,480553030,319,2021-11-19,369,2023-06-06
Ryszard,Madura,1989-08-15,RyszaMad56@wp.pl,336823360,532,2021-11-21,370,2022-01-28
Norbert,Kreczmer,1947-04-25,NoKrec@gmail.com,155965904,27,2021-11-22,371,2022-01-13
Konrad,Wesoły,1987-11-21,KonrWe@live.com,818376450,401,2021-11-24,372,2022-01-07
Krystian,Gładka,1974-11-19,KrystiGładk38@wp.pl,503956298,356,2021-11-24,373,2022-02-11
Giuseppe,Höfig,1976-05-28,GiuHöfi@gmail.com,749946794,77,2021-11-25,374,2022-06-07
Anna Maria,Kozaczuk,1989-01-26,AnKoza@o2.pl,558151341,157,2021-11-26,375,2023-04-04
Nikodem,Pazdan,1944-09-14,NiPa@o2.pl,595478277,588,2021-11-27,376,2022-05-29
Марина,Охримович,1959-03-15,МаОхр@gmail.com,541139610,557,2021-11-27,377,2022-10-11
Lidia,Bulanda,1949-11-22,LiBulan13@o2.pl,539315288,305,2021-11-29,378,2022-01-08
Inga,Chojak,1949-06-14,IngChoj53@gmail.com,946172019,302,2021-12-02,379,2022-11-15
Justyna,Sulich,1947-07-24,JustySu7@o2.pl,805830738,42,2021-12-04,380,2023-04-03
Kamila,Kurzyna,1949-07-01,KamKurzyn61@wp.pl,954949187,427,2021-12-04,381,2022-07-02
Maciej,Machul,1977-06-26,MacMachu52@gmail.com,503201166,428,2021-12-04,382,2022-06-10
Adrian,Cecot,2008-11-05,AdrCec35@gmail.com,734468659,296,2021-12-05,383,2023-02-14
Bianka,Buchalik,1986-01-17,BiaBuchali41@live.com,807329366,489,2021-12-07,384,2022-12-07
Artur,Żakiewicz,1944-11-14,ArtŻaki98@live.com,709425933,320,2021-12-08,385,2022-06-11
Світлана,Шаблій,1967-07-31,СвітШабл56@gmail.com,865507012,593,2021-12-10,386,2022-01-13
Mikołaj,Słyk,1951-06-16,MikoSły93@gmail.com,266395826,188,2021-12-11,387,2022-08-07
Adrian,Marach,1970-08-28,AdrMarac90@gmail.com,122986527,212,2021-12-13,388,2022-08-14
Elżbieta,Jonak,1944-03-10,ElżbieJo@live.com,380986664,569,2021-12-13,389,2022-03-19
Elżbieta,Wawrzynkiewicz,2010-05-19,ElżbWawr@gmail.com,400036425,573,2021-12-15,390,2022-08-31
Kalina,Tadeusiak,2003-03-05,KalTadeus77@o2.pl,236974067,490,2021-12-17,391,2023-05-20
Justyna,Szklarek,1997-06-08,JustynSzkla@wp.pl,982636678,74,2021-12-17,392,2022-07-31
Klara,Majzner,1948-08-16,KlaMajzne@o2.pl,713337020,378,2021-12-20,393,2022-02-07
Agnieszka,Skomra,1950-08-08,AgnieszSko73@o2.pl,835023263,88,2021-12-20,394,2022-04-24
Adrian,Szarpak,1948-09-01,AdriSzarpa@o2.pl,735354515,46,2021-12-23,395,2022-01-03
Liwia,Kwasek,1984-10-02,LiKwas98@live.com,810260626,54,2021-12-24,396,2022-07-02
Вадим,Ващенко,1978-07-26,ВаВащен@mail.ru,714227217,419,2021-12-25,397,2023-04-13
Juliusz,Honkisz,1952-04-08,JuliHonki97@live.com,293707010,351,2021-12-25,398,2023-03-21
Tomasz,Rodzeń,1976-06-27,TomaRo61@o2.pl,888733633,423,2021-12-30,399,2022-06-23
Agnieszka,Gryciuk,1956-12-05,AgniesGryciu@o2.pl,312206518,213,2021-12-31,400,2022-09-07
Janina,Miszkiewicz,1982-12-08,JanMisz29@wp.pl,233403479,403,2021-12-31,401,2022-08-16
Paweł,Naglik,1947-01-24,PawNag35@wp.pl,252494514,518,2022-01-01,402,2022-02-01
Zdravko,Heidrich,1975-06-08,ZdraHeidr55@gmx.net,504815861,180,2022-01-02,403,2022-05-09
Julita,Gałach,1950-11-22,JulitGałac@gmail.com,216741112,112,2022-01-02,404,2022-06-07
Liwia,Połom,1991-05-08,LiPoł57@wp.pl,125008000,484,2022-01-03,405,2023-02-03
Janina,Bryndza,1961-10-24,JanBrynd13@live.com,922010248,33,2022-01-06,406,2022-05-07
Aurelia,Gawłowicz,1951-09-13,AurelGa@o2.pl,731758341,432,2022-01-07,407,2023-04-14
Natasza,Chaberek,2007-12-27,NaCha@wp.pl,176000802,22,2022-01-07,408,2022-05-21
Tobiasz,Kwarciak,1960-10-18,TobiasKwarci16@live.com,672654902,398,2022-01-11,409,2023-02-17
Marianna,Steckiewicz,1950-09-26,MarianSt@gmail.com,141468315,288,2022-01-11,410,2022-08-14
Ewelina,Bartłomiejczyk,1991-09-11,EweliBa@o2.pl,955572670,264,2022-01-12,411,2022-08-26
Jan,Jędraszek,1996-04-02,JaJędras78@gmail.com,193601090,78,2022-01-12,412,2022-06-13
Leonard,Łabno,1980-12-23,LeonŁab21@o2.pl,396179080,29,2022-01-12,413,2022-11-27
Alan,Gwara,1958-12-18,AlGw@o2.pl,417915796,345,2022-01-22,414,2023-02-28
Elżbieta,Toma,1966-12-01,ElżbiTo90@gmail.com,269817240,117,2022-01-24,415,2022-12-25
Olgierd,Mitera,1972-03-04,OlgiMi@o2.pl,666368108,421,2022-01-28,416,2022-05-19
Marika,Kałwak,1950-02-08,MarikKałwa@live.com,481394139,468,2022-01-28,417,2022-02-27
Soňa,Vaňková,1989-09-02,SoňVaňk69live.com,615996432,495,2022-01-30,418,2022-09-03
Elżbieta,Stosik,1981-02-09,ElżStos@gmail.com,974153249,146,2022-01-31,419,2022-10-30
Єва,Оліфіренко,1962-04-14,ЄвОліфіренк@mail.ru,501758415,353,2022-02-01,420,2023-02-09
Szymon,Bareja,1964-12-30,SzyBare21@o2.pl,473971357,381,2022-02-03,421,2023-05-25
Apolonia,Burza,2007-05-06,ApoloBurz@live.com,260179879,136,2022-02-11,422,2023-01-06
Ewa,Gierach,1996-04-24,EwGie@wp.pl,636113794,311,2022-02-12,423,2023-02-25
Marianna,Ćwierz,1950-01-12,MariaĆwi63@wp.pl,608658135,256,2022-02-13,424,2022-03-08
Artur,Szmaj,1956-08-09,ArSzm61@gmail.com,432037970,519,2022-02-14,425,2022-09-20
Павло,Малишко,1949-06-26,ПавМа40@gmail.com,767269722,126,2022-02-17,426,2023-03-06
Kamil,Pogorzelec,1989-04-20,KaPogorzel@wp.pl,276911472,326,2022-02-17,427,2022-11-07
Sara,Wendt,2001-07-19,SarWe@o2.pl,171284025,284,2022-02-18,428,2023-05-26
Roksana,Bródka,1950-08-11,RokBródk@gmail.com,396497258,464,2022-02-21,429,2022-10-28
Elżbieta,Pakosz,1998-12-24,ElżbPak13@o2.pl,545186879,240,2022-02-21,430,2022-03-20
Marcelina,Pawlukiewicz,1959-08-06,MarcePawlukiewi@wp.pl,600759208,506,2022-02-22,431,2022-08-11
Софія,Павлик,1950-06-01,СофіПав84@live.com,170927565,453,2022-02-28,432,2022-09-18
Konstanty,Szmurło,1993-12-17,KonstaSzmu51@live.com,780324950,349,2022-03-03,433,2022-04-15
Ada,Grabas,1975-01-26,AdGr41@wp.pl,925423849,347,2022-03-04,434,2023-06-14
Justyna,Faltyn,1971-06-21,JustynFalty@o2.pl,194153046,328,2022-03-06,435,2022-08-18
Sylwia,Ziarnik,1945-08-20,SylwiZiarn50@wp.pl,748825024,273,2022-03-09,436,2022-09-15
Maksymilian,Siedlaczek,2003-05-26,MaSiedl8@gmail.com,859959311,138,2022-03-12,437,2022-09-04
Sylvester,Dobes,1949-06-22,SyDobe35@gmail.com,479884620,559,2022-03-13,438,2022-07-30
Freddy,Roht,1984-12-06,FrRo15@gmx.net,649269516,340,2022-03-13,439,2023-03-18
Vitus,Keudel,1962-07-04,VitKe@gmx.net,353294533,127,2022-03-14,440,2022-10-07
Емілія,Данченко,2000-02-06,ЕмДанче@gmail.com,145647415,5,2022-03-14,441,2023-05-30
Sandra,Kloch,1977-09-05,SandKlo@wp.pl,193304294,314,2022-03-15,442,2023-03-10
Urszula,Tadeusiak,1969-07-04,UrTade67@o2.pl,307531370,154,2022-03-17,443,
Konrad,Czulak,1987-09-14,KonraCzul@gmail.com,337254980,199,2022-03-19,444,2022-10-21
Stefan,Langier,1972-10-03,StefaLang@live.com,296076940,363,2022-03-21,445,2023-01-02
Семен,Чабан,1989-05-27,СемЧаба42@gmail.com,965805461,592,2022-03-23,446,2023-01-04
Alex,Sierżant,1945-10-06,AlSi60@gmail.com,156128001,396,2022-03-25,447,2023-05-06
Ida,Wochna,1986-08-25,IdWochn52@live.com,711828618,410,2022-03-25,448,2022-06-24
Bruno,Malecha,1957-01-25,BrunMal@gmail.com,635921924,507,2022-03-26,449,2022-12-17
Григорій,Лесик,1945-11-02,ГригоріЛес28@gmail.com,451864002,465,2022-03-27,450,2022-09-13
Dawid,Figat,1967-12-29,DawFiga15@o2.pl,106499692,312,2022-03-28,451,2022-09-23
Jan,Soukup,1962-12-30,JaSou@szn.cz,415993785,110,2022-03-28,452,2023-05-01
Samuel,Procházka,1943-10-02,SamuePr75@szn.cz,112974010,159,2022-03-29,453,2022-09-08
Lidia,Chomiuk,1945-11-06,LiCh25@gmail.com,483151272,73,2022-04-02,454,2022-11-05
Stanisław,Błaziak,1988-01-11,StaniBł3@gmail.com,892642708,95,2022-04-03,455,2023-06-01
Elżbieta,Byzdra,1976-09-02,ElByzdr24@o2.pl,878731802,323,2022-04-06,456,2023-02-21
Едита,Ватаманюк,1945-05-29,ЕдитВатам@mail.ru,388371386,291,2022-04-10,457,2022-06-04
Anja,Beyer,1948-09-27,AnjBe36@live.com,859874547,79,2022-04-10,458,2022-08-25
Борис,Гаврилець,1945-10-20,БоГав@mail.ru,763198691,261,2022-04-10,459,2023-01-31
Agnieszka,Zinkiewicz,1998-04-22,AgnieszkZinki84@wp.pl,960802973,100,2022-04-11,460,2023-03-09
Zenon,Heidrich,1963-11-14,ZenoHe@gmx.net,427646900,540,2022-04-11,461,2023-04-14
Urszula,Korab,1990-12-17,UrsKor58@o2.pl,948738773,52,2022-04-14,462,2022-05-09
Anastazja,Kolanko,2009-06-24,AnasKola52@live.com,782174126,201,2022-04-15,463,2022-08-28
Melania,Ziemkiewicz,2000-02-23,MelanZiemkiewic@wp.pl,562643928,86,2022-04-15,464,2023-01-12
Kalina,Rząd,1958-10-02,KaRzą10@gmail.com,378091179,21,2022-04-15,465,2022-04-28
Ksawery,Syroka,1974-12-19,KsaweSy89@o2.pl,524540810,449,2022-04-18,466,2023-06-01
Ігор,Михайличенко,1961-11-04,ІгМихайлич58@live.com,538753670,450,2022-04-19,467,2022-06-20
Bianka,Kurzaj,2001-08-01,BiankKurza23@o2.pl,660945463,332,2022-04-21,468,2023-04-04
Anastazja,Bobrowicz,1980-03-21,AnaBobro@wp.pl,773105998,247,2022-04-21,469,
Eliza,Nurkiewicz,1952-10-03,ElNurkie3@gmail.com,108737528,82,2022-04-21,470,2023-02-20
Kornelia,Tatarek,2004-06-24,KornTat91@o2.pl,301569951,369,2022-04-21,471,2023-05-05
Gaja,Karpik,1956-08-21,GaKarp13@live.com,577535887,283,2022-04-22,472,2023-02-01
Malwina,Szatko,1981-07-22,MalwiSz42@o2.pl,500724962,566,2022-04-25,473,2022-12-10
Marianna,Rutowicz,1969-12-24,MariannRutowic39@wp.pl,558148805,587,2022-04-25,474,2022-08-12
Nela,Bartošová,2003-09-03,NeBart@gmail.com,348404833,391,2022-04-26,475,2022-05-18
Leon,Palonek,1970-05-02,LePalone@live.com,820130803,218,2022-04-29,476,2022-07-16
Bruno,Łągiewka,1997-07-27,BruŁągie74@gmail.com,820168814,433,2022-04-30,477,2023-04-03
Apolonia,Ślebioda,1952-10-26,ApoloniŚlebi@gmail.com,661516816,384,2022-05-02,478,2023-02-18
Henryk,Liebelt,2000-07-29,HenryLieb@live.com,103228207,131,2022-05-02,479,2022-11-04
Ignacy,Hałka,1993-04-13,IgnaHa0@gmail.com,435853984,558,2022-05-07,480,2022-09-03
Sylwia,Milcarz,2003-03-05,SylwMilca@wp.pl,220304415,176,2022-05-12,481,2022-05-30
Karina,Szymanik,1997-12-08,KariSzym76@gmail.com,428166444,329,2022-05-13,482,2023-01-30
Elżbieta,Sych,1964-08-22,ElżbietSy43@live.com,452104634,385,2022-05-13,483,2022-12-15
Hubert,Węgrzyniak,2005-09-07,HuWęgrzyni97@o2.pl,644204254,294,2022-05-14,484,2022-10-25
Anita,Pezda,1961-08-21,AnPezd34@wp.pl,151062026,285,2022-05-17,485,2022-10-13
Tymon,Chorążewicz,1997-08-01,TymoChorąż@live.com,315016674,171,2022-05-17,486,2023-04-07
Julita,Różewicz,1946-01-31,JuRóże4@gmail.com,671390434,9,2022-05-21,487,2022-12-05
Dagmara,Słowiak,1946-04-22,DagmaSłow2@o2.pl,307529783,548,2022-05-23,488,2022-08-30
Julita,Bulanda,1977-04-04,JulitBul@gmail.com,512925541,226,2022-05-24,489,2022-06-11
Josefa,Killer,1949-07-11,JoseKi@gmail.com,739160883,389,2022-05-25,490,2023-05-10
Jerzy,Goj,1983-11-05,JerGo@wp.pl,201661751,277,2022-05-27,491,2022-11-07
Marcel,Frączkiewicz,1978-05-23,MarceFrączkiew66@o2.pl,210076867,392,2022-05-28,492,2022-10-16
František,Holub,2000-06-26,FrHol0@gmail.com,477042749,215,2022-05-29,493,2023-03-27
Grzegorz,Warczak,1965-04-26,GrzegoWarcza33@live.com,609899332,143,2022-05-30,494,2023-01-07
Mieszko,Potoczna,1990-06-10,MieszPot@o2.pl,477387607,36,2022-06-02,495,2022-11-07
Варвара,Вергун,1985-06-19,ВарварВерг@live.com,624795767,286,2022-06-07,496,2022-10-21
Karina,Burzec,1961-10-01,KariBu41@wp.pl,778069237,597,2022-06-07,497,2022-12-01
Олесь,Єрошенко,1990-11-09,ОлЄроше@mail.ru,177209419,120,2022-06-12,498,2022-12-31
Mariusz,Skotarek,1960-10-19,MariuSko4@o2.pl,219933070,93,2022-06-12,499,2022-12-25
Kornel,Dziurla,1964-05-05,KornDziurl90@gmail.com,233945388,280,2022-06-19,500,2023-05-16
Sylwia,Kopyść,1950-08-07,SylKopyś22@live.com,706774943,380,2022-06-22,501,2023-06-07
Natan,Hejna,1987-04-10,NatHej@gmail.com,516204471,165,2022-06-22,502,2022-10-04
Alex,Tomaszkiewicz,1944-01-13,AleTomas52@wp.pl,614650806,116,2022-06-23,503,
Natan,Sajewicz,1985-05-01,NataSajewic79@live.com,964435568,107,2022-06-24,504,
Kalina,Lisak,1981-10-24,KaliLis49@o2.pl,233006930,352,2022-06-26,505,2023-04-18
Marek,Krzykała,1984-08-30,MarKrzy20@live.com,230221813,543,2022-07-02,506,2023-04-06
Klara,Kloch,1991-12-31,KlaKl13@o2.pl,251970592,514,2022-07-04,507,2023-01-17
Evelin,Pruschke,1957-09-08,EvePrusch@gmx.net,996812653,99,2022-07-05,508,2022-11-29
Frederik,Scheel,1966-04-24,FrederSchee30@gmx.net,380335001,344,2022-07-09,509,2023-01-09
Cezary,Kluczek,2000-12-08,CezarKluc49@live.com,150086318,477,2022-07-10,510,2023-04-16
Dušan,Šimek,2010-04-09,DušaŠime@szn.cz,274108235,580,2022-07-13,511,
Inga,Balik,2000-05-06,InBali@live.com,283437492,244,2022-07-13,512,2023-02-19
Eryk,Cyman,1978-12-03,EryCy94@live.com,456939184,402,2022-07-15,513,2023-03-24
Filip,Tokaj,1964-03-17,FiTo@live.com,581537617,413,2022-07-16,514,2023-04-17
Marika,Kobryń,1952-06-28,MarKobry@o2.pl,790049409,183,2022-07-18,515,
Gaja,Huczko,1947-01-14,GaHuczk56@o2.pl,484957051,422,2022-07-20,516,
Alex,Wajdzik,1948-06-08,AlWajd2@gmail.com,372382224,270,2022-07-21,517,
Lubomír,Hájek,1968-10-13,LubomHájlive.com,672919609,248,2022-07-21,518,2023-03-19
Angelika,Więcławek,1964-01-31,AngeliWię@gmail.com,422529600,488,2022-07-24,519,2023-02-01
Anna Maria,Kołak,1992-11-01,AnKoła94@gmail.com,275686435,252,2022-07-28,520,2023-06-13
Inga,Sprycha,1986-05-16,IngSp@o2.pl,239904025,118,2022-07-30,521,2022-11-17
Michał,Michniak,1996-10-10,MichaMi@o2.pl,958876171,581,2022-08-05,522,2022-11-17
Julianna,Osipiuk,1997-12-07,JuliannOsip@o2.pl,392414153,160,2022-08-05,523,2023-02-11
Roksana,Siara,1977-09-29,RokSi@gmail.com,457007722,310,2022-08-05,524,2022-09-21
Błażej,Dumin,1998-03-04,BłaDu100@gmail.com,831114305,358,2022-08-06,525,2022-08-24
Urszula,Drop,1963-06-09,UrsDr25@live.com,547426105,494,2022-08-06,526,2023-04-07
Inga,Minkiewicz,1963-10-13,InMi32@wp.pl,131219245,556,2022-08-07,527,
Aleks,Florian,1993-08-15,AlFlori@live.com,854145912,496,2022-08-09,528,2023-02-13
Krystyna,Schwital,1956-02-22,KrystynSchw@gmx.net,324623345,281,2022-08-09,529,2022-10-07
Józef,Piksa,1989-10-05,JóPiks85@live.com,253689866,470,2022-08-12,530,2022-09-24
Roksana,Makulec,1965-04-29,RoksaMakule46@gmail.com,814195811,370,2022-08-13,531,2022-09-27
Ivo,Kolář,1976-04-19,IvKol@gmail.com,159874652,97,2022-08-17,532,
Kornel,Nyk,1996-03-14,KoNy@wp.pl,684070368,253,2022-08-24,533,2022-10-02
Alessandro,Bolnbach,1957-10-04,AlesBolnb98@gmail.com,255752237,66,2022-08-27,534,2023-03-11
Antoni,Drożdżal,1992-02-10,AntoDrożdż32@live.com,577253438,406,2022-09-04,535,
Andrzej,Strzępek,1943-05-18,AndrzStrzęp66@gmail.com,341676167,584,2022-09-04,536,2022-11-23
Blanka,Majorczyk,1943-04-19,BlMajorcz@gmail.com,421321487,149,2022-09-05,537,2022-11-28
Agnieszka,Dorociak,1960-12-21,AgniDoroci@live.com,228867683,130,2022-09-05,538,2023-04-03
Fabian,Żywica,1991-05-10,FabiŻy@wp.pl,107832681,535,2022-09-08,539,
Kornelia,Wesoła,1949-10-12,KoWes@live.com,871276284,561,2022-09-10,540,
Agnieszka,Juroszek,1975-08-22,AgnieszJurosz23@wp.pl,624330490,84,2022-09-14,541,2023-03-01
Borys,Korpal,1976-10-16,BorKo@wp.pl,677649735,472,2022-09-16,542,2023-06-04
Ірина,Іщенко,1960-08-14,ІрІщен@live.com,681488572,225,2022-09-22,543,2023-03-05
Kornelia,Powązka,1979-12-14,KorPową46@live.com,829156240,335,2022-09-23,544,2023-02-08
Kacper,Reszke,1960-09-08,KacpeRe41@live.com,666910212,251,2022-09-24,545,2023-02-02
Andree,Striebitz,1968-07-14,AndrStriebi24@web.de,463452479,523,2022-09-29,546,2023-01-26
Орина,Сагаль,1958-04-29,ОринСагал35@mail.ru,128438095,562,2022-10-01,547,
Klara,Korta,1999-02-14,KlKo19@gmail.com,533608550,527,2022-10-03,548,
Melania,Godyń,1995-07-16,MelanGody@o2.pl,981070198,512,2022-10-11,549,
Inga,Jaszcz,1999-11-28,InJasz97@wp.pl,246926366,520,2022-10-13,550,
Maurycy,Ciuba,1971-04-30,MaurCiu82@o2.pl,167193089,479,2022-10-15,551,2022-12-07
Stanislaw,Naser,1968-07-13,StaniNa4@web.de,358325710,505,2022-10-16,552,2023-01-17
Sylwia,Zander,1951-07-17,SylwiZa72@live.com,808083351,237,2022-10-17,553,
Damian,Bobel,1960-04-29,DaBobe@o2.pl,207501990,2,2022-10-21,554,
Andrzej,Dąbroś,1985-04-21,AndrzeDą94@wp.pl,747333857,221,2022-10-22,555,2022-12-25
Rozalia,Potaczek,1963-12-04,RozaliPotac@gmail.com,537977470,599,2022-10-29,556,
Ірена,Архипенко,1991-10-16,ІренАрх24@mail.ru,672071664,274,2022-10-29,557,2022-12-23
Kacper,Rolek,2003-08-10,KacpeRol52@gmail.com,716531289,564,2022-10-31,558,2023-05-31
Dagmara,Cygal,1980-06-29,DaCy27@o2.pl,251327971,4,2022-11-02,559,2023-05-20
Rafał,Bazyluk,1943-10-08,RafBazy@o2.pl,588327741,297,2022-11-02,560,2022-12-01
Antoni,Piksa,1967-01-02,AntonPi30@live.com,414411971,122,2022-11-03,561,
Ernest,Idec,1945-05-20,ErIde46@gmail.com,261047167,182,2022-11-03,562,2023-05-23
Lidia,Gul,1983-06-10,LiGu15@live.com,289907348,360,2022-11-04,563,
Krystyna,Salawa,1993-05-15,KrySa43@o2.pl,599328122,365,2022-11-09,564,
Agnieszka,Dyś,1991-12-01,AgnieszkDy@gmail.com,942012367,336,2022-11-10,565,2022-12-18
Sara,Jarosiewicz,1950-06-03,SaJar34@wp.pl,549820693,376,2022-11-18,566,
Gaja,Fryś,1978-05-05,GajFr66@wp.pl,109295145,55,2022-11-19,567,
Nicole,Grzelec,1978-01-23,NicoGrze2@wp.pl,949566571,20,2022-11-23,568,
Dominika,Nováková,1979-03-30,DoNováko25@szn.cz,692769632,28,2022-11-26,569,
Borys,Długajczyk,1982-05-16,BoDługajcz69@gmail.com,632252673,415,2022-12-04,570,2023-04-26
Natan,Białka,1946-04-15,NataBiał8@wp.pl,908629487,245,2022-12-05,571,2023-02-06
Тереза,Шведченко,1992-08-04,ТерезШве91@gmail.com,141447344,206,2022-12-07,572,2023-01-26
Tola,Mizak,1944-03-03,TolMiz@gmail.com,951476586,233,2022-12-11,573,
Marcelina,Pakos,1958-04-14,MaPa@live.com,501318547,337,2022-12-12,574,
Franciszek,Puch,1993-03-19,FranciszPuc82@gmail.com,809694623,497,2022-12-15,575,2023-03-24
Oskar,Jeka,1986-12-18,OsJek@gmail.com,492492058,357,2022-12-15,576,
Elżbieta,Zysk,1994-02-27,ElżbiZy12@wp.pl,669374884,57,2022-12-17,577,
Leon,Dzienis,1954-03-05,LeDzie13@gmail.com,627616827,466,2022-12-19,578,
Tymoteusz,Paśnik,1985-11-26,TymoPaśni@live.com,999161639,456,2022-12-21,579,2023-05-06
Олесь,Вишняк,2008-08-31,ОлеВи93@live.com,582460875,102,2022-12-27,580,
Anna Maria,Kudłacz,2009-11-11,AnKudła61@wp.pl,954472036,348,2023-01-13,581,
Daniel,Miotke,1948-08-18,DaMiotk93@wp.pl,890828994,234,2023-01-22,582,
Aurelia,Romankiewicz,2004-11-26,AureRoman@o2.pl,762879420,53,2023-01-31,583,
Kamil,Nalazek,1957-11-22,KamNal@live.com,943441336,19,2023-02-09,584,
Sebastian,Gogola,1949-04-04,SebastiaGo@wp.pl,661329157,258,2023-02-13,585,
Ján,Moravec,1990-08-11,JáMolive.com,801536767,0,2023-02-22,586,
Adrianna,Grześków,1956-06-07,AdriGr76@live.com,838984885,12,2023-02-22,587,
Hans Jürgen,Caspar,2007-01-29,HanCas@gmail.com,981672560,18,2023-02-24,588,
Marcel,Frydrychowicz,1972-06-05,MarceFry26@gmail.com,558446784,377,2023-02-25,589,
Brit,Barth,1952-05-16,BriBar@gmail.com,900944145,439,2023-03-02,590,
Sandra,Wojtarowicz,1951-07-13,SandrWojtarowic62@o2.pl,588633748,190,2023-03-17,591,
Franciszek,Damps,1977-05-15,FranciszDam@o2.pl,902615259,524,2023-03-18,592,
Julianna,Nałęcz,1948-09-12,JuliNa93@gmail.com,508311841,62,2023-04-05,593,
Aleks,Pielka,1968-05-27,AlePiel18@o2.pl,675175575,371,2023-04-10,594,
Sonia,Dziedzina,2000-03-29,SoniDziedzi@o2.pl,523750816,89,2023-04-14,595,
Julita,Nurek,1974-06-18,JulNure23@gmail.com,302337029,537,2023-04-16,596,
Stanisław,Ceynowa,1969-10-08,StanisCe7@wp.pl,697390871,424,2023-04-18,597,
Fryderyk,Kafel,1942-08-27,FryderKaf@gmail.com,508603813,246,2023-05-07,598,
Wojciech,Zagrodnik,2003-04-07,WojciecZag85@o2.pl,532602726,325,2023-05-17,599,
Ryszard,Sadoch,1962-05-11,RyszarSad75@gmail.com,852812478,96,2023-05-30,600,
