customer_id,first_name,last_name,birthdate,VIP,points,email,phone,address_id,registration_date
1,Gaja,Miętus,1949-10-14,2021-09-24,0,GajMiętu@wp.pl,823252463,582,2021-08-06
2,Roksana,Mysiak,2000-06-12,2021-12-22,1,RokMys19@live.com,866911072,526,2021-08-25
3,Kajetan,Piskor,1959-06-09,2022-05-08,2,KajetPisko@gmail.com,176989589,119,2021-01-05
4,Анастасія,Шинкаренко,1959-10-14,2021-11-30,3,АнШинк@mail.ru,519190857,206,2021-02-13
5,Леон,Редько,1954-08-26,2022-06-04,4,ЛеоРед@mail.ru,721184993,495,2021-06-05
6,Blanka,Zyzik,1972-11-01,2022-08-26,5,BlZyzi48@gmail.com,257369843,467,2022-01-29
7,Ewelina,Szwaja,2000-12-26,2021-09-01,6,EwelSzwa83@wp.pl,247432614,389,2022-01-17
8,Kalina,Juszczuk,1946-01-12,2023-01-15,7,KaliJus29@gmail.com,179508413,566,2021-09-04
9,Jeremi,Kozdra,1956-07-02,2021-01-25,8,JeKo88@live.com,431781072,14,2022-03-21
10,Klara,Sochaj,1989-03-26,2023-05-10,9,KlarSoch6@wp.pl,563414323,456,2022-03-19
11,Maksymilian,Bakiera,1982-07-08,2021-10-07,10,MakBa@gmail.com,842734516,53,2021-07-09
12,Sandra,Kidawa,2009-03-25,2022-02-28,11,SanKida98@wp.pl,612995958,210,2021-07-29
13,Anita,Krzempek,1978-04-01,2021-07-18,12,AnitKrze@gmail.com,156075606,151,2021-05-02
14,Камілла,Фартушняк,1979-05-12,2023-03-07,13,КаміФартушн@live.com,676067652,491,2022-06-02
15,Ewa,Topa,1963-06-15,2021-12-02,14,EwTop@o2.pl,258744286,266,2021-01-05
16,Marian,Růžička,1999-06-18,2022-01-04,15,MariaRů75@gmail.com,990260784,500,2022-06-14
17,Любов,Карпа,2010-06-04,,16,ЛюКа41@gmail.com,728230510,198,2021-01-31
18,Agnieszka,Gaudyn,1962-07-16,2021-05-19,17,AgniGa@o2.pl,464169153,337,2021-03-02
19,Ksawery,Staniewicz,2001-10-20,2022-01-03,18,KsawerStan73@o2.pl,876180293,247,2022-01-09
20,Dorota,Malesza,1990-10-15,2022-05-04,19,DorotMale@o2.pl,169557854,295,2021-02-15
21,Tymon,Kocurek,1960-12-10,2022-01-29,20,TymKo@gmail.com,308848078,366,2021-04-18
22,Albert,Szmelter,1961-01-25,2021-08-31,21,AlSzmelte83@wp.pl,822842190,165,2021-03-10
23,Józef,Rysz,1981-10-09,2021-11-05,22,JózRys56@gmail.com,529535884,589,2021-09-19
24,Helena,Černá,1959-12-17,2022-04-11,23,HeleČern7live.com,785106748,459,2022-06-04
25,Nicole,Peszko,1969-04-08,2021-07-02,24,NicoPesz@gmail.com,834615839,320,2021-12-01
26,Bartek,Olszowa,1978-08-12,2022-09-10,25,BartOlsz98@o2.pl,433697250,361,2021-03-06
27,Filip,Dudkowiak,1949-10-07,2023-01-16,26,FiDudko64@gmail.com,447580797,29,2022-03-06
28,Kacper,Prasek,1947-05-28,2021-03-04,27,KacpPrase35@live.com,534498807,125,2021-02-06
29,Damian,Masłoń,1985-11-15,2023-05-27,28,DamiaMasł28@live.com,996170053,191,2021-08-01
30,Róża,Fijałek,1992-07-16,2021-11-23,29,RóżFi71@o2.pl,367588976,61,2021-12-05
31,Olga,Wiese,1992-02-21,2021-03-22,30,OlWie@o2.pl,636299800,199,2021-09-12
32,Adrianna,Trochim,1961-04-18,2023-06-04,31,AdriTrochi60@wp.pl,858277191,382,2021-03-10
33,Marianna,Dulemba,1985-01-02,2022-01-04,32,MariannDulemb7@live.com,961754306,200,2021-11-19
34,Вадим,Вернидуб,1979-02-16,2022-10-16,33,ВаВернид@live.com,975148608,292,2021-10-24
35,Marcelina,Jenek,2005-05-30,2021-10-28,34,MarceJene80@o2.pl,701087978,72,2021-01-14
36,Blanka,Pietryga,1951-04-22,2021-12-18,35,BlaPiet@gmail.com,743176426,564,2021-08-20
37,Богуслав,Щорс,1974-07-14,2021-11-28,36,БогуслЩо@live.com,541429802,146,2021-02-07
38,Tomasz,Zamora,1953-12-09,2022-10-19,37,TomasZamor73@wp.pl,173313449,265,2021-11-12
39,Nikodem,Hałat,1977-06-04,,38,NikHa@o2.pl,478417596,520,2021-11-03
40,Leon,Mielcarek,1985-09-04,2022-06-12,39,LeMie@gmx.net,203837989,419,2022-04-27
41,Орхип,Зубко,1998-06-25,2023-01-27,40,ОрЗуб@live.com,620350028,174,2021-01-04
42,Natan,Cebulak,1998-07-29,2021-04-18,41,NataCebul@o2.pl,197236183,573,2021-08-31
43,Julita,Mzyk,1955-03-12,2021-11-04,42,JulitMzy10@gmail.com,386727294,408,2022-08-22
44,Kamil,Cebo,1945-02-18,2022-01-30,43,KamiCe@gmail.com,896205310,238,2021-12-03
45,Tatiana,Neuschäfer,1946-05-28,2022-12-27,44,TatNeuschä85@live.com,478792636,442,2022-03-27
46,Sandra,Bawoł,1982-01-05,,45,SandBa46@gmail.com,707259880,562,2021-12-24
47,Maurycy,Micał,1998-02-27,2021-12-29,46,MaurycMic64@o2.pl,288257699,484,2021-05-21
48,Edeltraut,Wähner,1994-07-13,2022-10-14,47,EdWä29@gmail.com,538793574,397,2022-08-01
49,Robert,Dąbrowicz,1993-08-24,2021-10-08,48,RoberDąbrow43@gmail.com,114728224,286,2022-03-30
50,Роксолана,Сімашкевич,1996-01-17,2021-05-30,49,РоСім54@mail.ru,741728586,82,2021-07-06
51,Romuald,Ortmann,1975-07-28,2022-10-29,50,RomuOrtma@gmail.com,671428677,533,2021-05-21
52,Dominik,Hałka,1947-08-02,,51,DoHa@live.com,513471508,2,2021-01-20
53,Oskar,Pokrzywa,1948-03-24,2021-12-30,52,OskaPokr16@o2.pl,809402233,326,2021-03-23
54,Pavel,Kříž,1958-03-25,2021-05-17,53,PavKří10live.com,345227941,52,2022-02-26
55,Aniela,Krzysiek,2010-01-20,2021-08-17,54,AnielKrzy21@gmail.com,605174460,167,2021-12-18
56,Alex,Oleksiewicz,1960-10-14,2022-11-15,55,AlOleksi@wp.pl,370935476,229,2021-02-04
57,Aleks,Wnuczek,1961-01-17,2023-01-19,56,AlWnucz75@live.com,130429915,296,2021-05-30
58,Ida,Deneka,1981-02-22,,57,IdDenek@gmail.com,956827884,145,2021-02-08
59,Maks,Gamoń,1967-03-08,2022-01-29,58,MakGa13@live.com,490167685,196,2022-04-14
60,Monika,Marko,1978-09-28,2022-01-17,59,MoniMar68@live.com,271535018,580,2021-11-05
61,Karol,Tylka,1942-08-01,2021-09-26,60,KaTyl15@wp.pl,869509901,588,2022-05-20
62,Ярослава,Саєнко,1984-05-01,2021-02-23,61,ЯрослСа@live.com,756322283,575,2021-01-04
63,Herbert,Rädel,1968-01-09,2021-01-23,62,HerRäde56@web.de,543032491,147,2022-05-08
64,Lubomír,Krejčí,1970-06-27,2021-03-02,63,LubomKrejč40@szn.cz,181685864,233,2021-08-27
65,Justyna,Rawa,1945-10-02,2022-04-11,64,JustRaw12@o2.pl,177704567,350,2021-06-19
66,Urszula,Kiciak,1986-12-13,,65,UrsKici@o2.pl,967470986,351,2022-08-25
67,Borys,Kość,2008-11-27,2023-05-19,66,BoKoś@wp.pl,287996762,542,2022-11-04
68,Gustaw,Lula,1960-08-09,2023-02-24,67,GustaLu11@o2.pl,969418127,132,2023-04-01
69,Kaja,Plebanek,1970-03-14,2021-04-14,68,KaPlebane77@live.com,917485030,104,2021-11-07
70,Gaja,Bembenek,1992-01-01,,69,GaBe38@wp.pl,398658847,560,2021-03-17
71,Eliza,Bobel,1992-04-26,2023-01-13,70,ElizBob7@live.com,595249360,375,2021-03-04
72,Kornelia,Jop,1960-01-21,2022-06-11,71,KoJo98@o2.pl,394400171,201,2021-05-29
73,Damian,Bienia,2000-06-18,2022-03-09,72,DamiBie@o2.pl,694756894,123,2021-01-30
74,Harry,Hering,1996-12-24,2021-11-06,73,HarrHerin@gmx.net,381620753,517,2021-04-21
75,Ryszard,Puch,1965-01-09,2021-06-05,74,RyszPu79@live.com,526488140,331,2023-01-16
76,Malwina,Berus,1995-09-26,2023-06-04,75,MalwiBeru60@live.com,794562567,84,2021-11-12
77,Mikołaj,Wochnik,1943-07-23,2021-06-01,76,MikoWochni88@gmail.com,589132071,436,2023-04-27
78,Oskar,Troć,1984-04-21,2022-09-13,77,OskaTro1@o2.pl,842943977,24,2021-03-15
79,Bianka,Karwala,1980-03-06,2021-05-27,78,BiaKar@live.com,740817989,79,2021-07-18
80,Wojciech,Wojtaszak,2003-01-21,2022-07-03,79,WojcieWojtasza79@o2.pl,560615531,106,2021-09-19
81,Пріска,Цюпа,1951-03-11,2021-02-22,80,ПріЦюп11@gmail.com,349937701,506,2022-11-21
82,Cezary,Ciastek,1977-08-28,2021-10-02,81,CezarCiaste25@wp.pl,837538924,444,2021-07-03
83,Tola,Latacz,1991-08-05,2022-03-24,82,TolLa34@o2.pl,764141105,415,2023-03-10
84,Kamila,Nazar,1953-12-29,2022-09-19,83,KamiNaz39@wp.pl,522352368,577,2021-01-29
85,Ewelina,Tasarz,2005-02-26,2021-12-26,84,EweliTasa@wp.pl,354275651,521,2021-03-06
86,Denisa,Holubová,1948-11-27,2021-02-15,85,DeHolub58@gmail.com,238785312,170,2022-03-10
87,Sandra,Łupina,1999-12-25,2021-07-09,86,SandrŁu@live.com,225573405,471,2021-01-06
88,Jeremi,Stępka,1945-02-08,2021-09-17,87,JeSt75@live.com,288507814,314,2021-02-18
89,Angelika,Wiszowaty,1987-11-19,,88,AngelWis13@gmail.com,163226616,88,2021-12-06
90,Iwo,Żero,1978-08-01,2021-05-19,89,IwŻe49@o2.pl,696140301,32,2021-05-14
91,Jędrzej,Przeklasa,1988-01-14,2022-07-12,90,JędrPrz46@gmail.com,524931612,338,2021-02-07
92,Marcelina,Bakiera,2001-03-19,2022-04-24,91,MarBaki30@o2.pl,585867611,236,2021-05-12
93,Blanka,Siebert,1945-02-06,2023-02-18,92,BlanSiebe@live.com,759325399,342,2021-12-26
94,Marianna,Ziajka,1973-10-01,2022-11-11,93,MarZia@live.com,958152981,476,2022-02-22
95,Karina,Szara,1946-12-19,2023-02-19,94,KarinSzar@gmail.com,979872824,103,2021-03-26
96,Sandra,Machoń,1993-04-05,2021-08-08,95,SaMa21@o2.pl,886382811,312,2022-04-17
97,Rafał,Maciejuk,1958-01-24,2022-04-27,96,RaMaciej@live.com,350279331,432,2021-10-20
98,Claudio,Fliegner,2008-11-07,2021-11-25,97,ClauFliegn69@gmx.net,691697433,590,2021-05-06
99,Rozalia,Nawój,1968-07-05,2021-05-28,98,RozNaw@wp.pl,470270374,9,2021-01-27
100,Walentina,Roht,1951-07-24,2022-03-17,99,WalenRoh34@gmail.com,660071454,300,2021-12-03
101,Kamila,Szyja,1994-10-22,2022-01-22,100,KamSzy@wp.pl,461447657,307,2021-08-18
102,Яків,Пушкар,1980-09-05,2022-02-22,101,ЯкПушк@live.com,704391993,525,2021-05-01
103,Bruno,Wielgos,1944-10-24,2021-03-03,102,BrWielg@live.com,849638605,341,2021-01-06
104,Julita,Prokurat,1957-01-20,2021-06-16,103,JulProkur@o2.pl,846957466,202,2021-04-16
105,Стефан,Дзиндра,1999-02-05,2021-09-08,104,СтеДзиндр@mail.ru,116130237,260,2021-06-19
106,Rafał,Magier,1970-07-03,,105,RafaMa@live.com,320523498,556,2022-02-02
107,Jeremi,Widuch,1983-11-07,2022-11-15,106,JeWidu@o2.pl,611316760,108,2022-04-27
108,Justyna,Jakóbik,1998-12-01,2021-07-10,107,JustyJakó24@wp.pl,564273935,319,2021-01-04
109,Klara,Tadla,1987-05-09,2022-02-23,108,KlarTa@gmail.com,935505195,168,2021-07-20
110,Artur,Wesoła,1959-06-11,2021-02-16,109,ArtuWes7@gmail.com,452764689,102,2022-03-18
111,Tadeáš,Doležal,2007-03-11,2023-01-28,110,TaDolež4@gmail.com,342111763,297,2022-05-24
112,Ewelina,Kramer,1997-10-03,2022-04-17,111,EweliKram36@wp.pl,427292061,37,2021-10-27
113,Bianka,Kara,1977-04-19,2021-08-25,112,BiKar81@o2.pl,169557144,309,2021-02-08
114,Beatrix,Bender,1968-03-29,2021-08-31,113,BeatrBen62@gmx.net,874194556,328,2021-01-04
115,Gustaw,Ryndak,1972-06-26,2021-12-19,114,GuRynda@o2.pl,317318069,213,2021-12-31
116,Klara,Pawlaczek,1974-05-22,2022-05-23,115,KlarPa4@o2.pl,554436754,367,2022-02-04
117,Janina,Odrzywołek,2000-06-16,2021-05-22,116,JaOdrzywołe@wp.pl,578222727,578,2021-04-20
118,Dariusz,Kubasiewicz,1997-09-11,2021-06-25,117,DariKubasie39@live.com,166668848,166,2022-05-30
119,Kornelia,Olbrych,2010-03-12,2021-04-29,118,KorneOlbryc77@o2.pl,218959599,163,2021-03-25
120,Olaf,Hutnik,1997-01-25,2021-06-27,119,OlaHut@o2.pl,233721591,318,2023-03-28
121,Dagmara,Pasich,1989-06-15,2021-10-01,120,DagmarPasic56@wp.pl,179179731,20,2022-03-28
122,Józef,Jarema,1995-05-02,2022-02-26,121,JózJarem31@gmail.com,897906156,59,2022-09-07
123,Konstanty,Cyrulik,1991-10-10,2022-06-28,122,KonsCy@gmail.com,676598632,486,2021-04-20
124,Nela,Siebert,1992-05-25,2021-12-11,123,NelSieber@gmail.com,782445376,97,2021-02-21
125,Наталія,Цимбалюк,1974-04-22,,124,НаЦи@live.com,547407396,383,2022-01-22
126,Альберт,Безбородьки,1945-06-21,2021-12-23,125,АльберБезборо49@gmail.com,774189055,15,2022-06-02
127,Marek,Teter,1963-11-26,2022-10-09,126,MaTete13@live.com,778996976,402,2021-01-05
128,Natan,Litwinowicz,1973-07-31,,127,NataLitwinowic@live.com,789359167,498,2021-02-08
129,Stefan,Cymbała,1975-06-25,2021-12-04,128,SteCymba@gmail.com,647537152,289,2022-03-23
130,Микита,Юрчук,1958-08-21,2022-07-31,129,МикЮр@gmail.com,346898479,275,2022-02-22
131,Borys,Mrózek,1970-10-25,2021-12-22,130,BorMróz@wp.pl,212170510,261,2021-08-14
132,Constanze,Vogt,1954-02-18,2023-02-25,131,ConstaVog@web.de,418346273,3,2022-01-28
133,Rafał,Wyrwich,1961-02-16,2021-09-09,132,RaWy@o2.pl,329479781,425,2021-10-06
134,Julianna,Sularz,1954-09-08,2021-12-03,133,JuliaSul@o2.pl,820101049,129,2021-06-17
135,Olgierd,Węgrzyniak,1986-01-31,2022-05-27,134,OlgierWęgrzyn@gmail.com,907785739,34,2021-10-28
136,Julianna,Serwach,1950-08-22,2022-03-07,135,JuliaSer@gmail.com,871714090,173,2021-12-13
137,Sára,Marková,1951-03-18,2021-01-23,136,SárMa45@gmail.com,724052199,172,2022-09-24
138,Ada,Kurda,2001-07-16,2022-07-09,137,AdKur@live.com,435738460,416,2021-06-13
139,Jerzy,Stranc,1957-05-19,2021-03-13,138,JerzStra@gmail.com,193351341,13,2021-05-22
140,Oskar,Wolan,1948-12-01,2022-01-29,139,OskWola27@live.com,633129481,371,2021-02-26
141,Róża,Flisek,1981-12-05,2022-02-11,140,RóżFli@o2.pl,808893052,478,2021-05-29
142,Alan,Borzym,1985-04-02,2021-05-04,141,AlBorzy36@gmail.com,997018311,156,2021-07-07
143,Oliwier,Brygoła,1979-08-02,2022-01-13,142,OliwBrygoł54@live.com,312083699,543,2021-01-11
144,Маруся,Венгринович,2001-05-21,2022-05-01,143,МаруВенгри36@live.com,530093705,393,2021-06-07
145,Melania,Stebel,2006-05-21,2022-03-11,144,MeSteb68@o2.pl,892628150,499,2021-01-25
146,Aleks,Nalewajek,1995-03-30,2022-09-26,145,AleNalewaje95@gmail.com,232382002,195,2022-08-23
147,Mariusz,Oleksiewicz,1984-01-04,2021-02-08,146,MarOleksiew3@gmail.com,254671621,523,2021-01-06
148,Róża,Nicewicz,1958-03-23,2021-01-20,147,RóżNice30@live.com,110783963,472,2021-12-30
149,Marcelina,Eckert,1966-09-22,2022-05-03,148,MaEcker51@wp.pl,652830518,189,2021-03-30
150,Одарка,Килимник,2009-01-29,2022-11-26,149,ОдаКилимн43@live.com,618289920,28,2021-07-08
151,Witold,Buchholz,1978-10-22,2023-02-10,150,WitolBuchh94@o2.pl,542633353,323,2021-08-05
152,Andrzej,Syldatk,1996-08-15,2022-02-03,151,AndrSylda@o2.pl,149110351,278,2021-02-12
153,Marcin,Pastuszko,1967-09-07,2022-07-18,152,MarciPas6@gmail.com,450031028,518,2021-08-18
154,Захар,Євдокименко,1944-10-24,2022-03-27,153,ЗахЄв97@live.com,593038693,494,2021-01-14
155,Lidia,Hajda,1985-07-28,2021-06-19,154,LidiHajd@o2.pl,421451693,178,2022-05-02
156,Наталія,Голобородько,2005-04-29,2022-11-20,155,НатГолобородь35@mail.ru,230266320,291,2022-12-04
157,Karina,Paprotny,1984-10-27,2022-03-28,156,KaPaprot53@wp.pl,251925068,536,2021-09-21
158,Lidia,Łepek,1986-05-20,2021-05-25,157,LiŁepe47@live.com,334388506,392,2021-02-03
159,Angelika,Szkoła,1990-01-13,2022-10-14,158,AngelSzko4@o2.pl,464497840,49,2022-06-21
160,Adrianna,Gmur,1952-05-16,2022-01-08,159,AdriGm@wp.pl,678469012,250,2021-03-04
161,Albert,Czerkies,1966-05-22,2021-02-27,160,AlbCz@wp.pl,683951320,594,2022-12-19
162,Eryk,Muniak,1958-05-05,2022-01-25,161,EryMunia@gmail.com,134208152,507,2022-08-29
163,Ada,Skomra,1981-06-22,2021-12-04,162,AdSkomr54@o2.pl,338928050,445,2022-01-24
164,Leonard,Kubrak,1953-01-19,2023-05-24,163,LeonKubr@o2.pl,337738172,421,2022-02-04
165,Sonia,Natanek,1975-04-15,2021-11-30,164,SoNatan41@gmail.com,988344151,225,2021-05-14
166,Anna Maria,Górkiewicz,2004-10-24,2021-02-13,165,AnGórkiew87@o2.pl,477795872,51,2021-04-09
167,Krystyna,Indyk,1977-07-02,2021-06-16,166,KrysIn7@wp.pl,964416878,294,2021-01-04
168,Krzysztof,Dzidek,1994-11-25,2021-02-09,167,KrzyDz@wp.pl,850910459,218,2021-09-23
169,Cyprian,Borzych,1982-12-22,2021-02-16,168,CyprBorzyc@o2.pl,581132669,47,2021-09-06
170,Liwia,Jarosiewicz,2000-11-21,2022-06-22,169,LiwiJarosi@live.com,146993835,439,2021-10-29
171,Nataniel,Delekta,1980-08-14,2021-04-30,170,NaDelekt11@o2.pl,199790059,203,2022-05-30
172,Ida,Komperda,1988-03-09,2022-01-07,171,IdKomperd@o2.pl,560598206,559,2021-09-11
173,Agnieszka,Ślebioda,1950-12-18,2022-06-02,172,AgnŚle75@live.com,659043572,357,2022-03-08
174,Ida,Gemza,1976-09-12,2021-01-31,173,IdGe52@o2.pl,272346355,252,2022-09-25
175,Jan,Marcińczyk,1978-02-25,2023-01-10,174,JaMarciń58@live.com,684682306,424,2022-05-26
176,Kaja,Kopyść,1949-06-05,2022-04-22,175,KaKopy36@o2.pl,824519344,356,2021-10-02
177,Krystian,Wojtarowicz,1973-06-06,2022-03-29,176,KrystiWojta92@o2.pl,174525781,569,2022-10-23
178,Maksymilian,Kukieła,1946-05-11,2022-11-21,177,MaksymilKuki@live.com,629631218,57,2021-09-13
179,Nataniel,Rzońca,1946-06-05,2021-02-13,178,NatRz21@gmail.com,910275604,446,2021-01-16
180,Данна,Хоменко,2009-01-14,2022-06-12,179,ДанХомен23@mail.ru,260789107,31,2022-10-12
181,Justyna,Lesisz,1945-07-03,2022-04-09,180,JustLesis82@wp.pl,361764937,171,2021-11-22
182,Bohumila,Němcová,2008-03-01,2021-08-29,181,BohumNěm@gmail.com,615308654,558,2021-01-20
183,Witold,Czulak,1989-04-09,2023-02-08,182,WiCzula65@live.com,525631762,372,2021-07-17
184,Ida,Wojtunik,1950-09-19,2022-04-01,183,IdWojtu72@live.com,596999313,80,2021-06-11
185,Tobiasz,Solis,1943-07-11,2022-08-06,184,TobSoli87@wp.pl,658063281,407,2021-07-21
186,Sandra,Maciejczuk,2008-02-11,2022-11-10,185,SanMac1@live.com,792859508,298,2023-02-14
187,Apolonia,Tadla,1956-09-01,2022-10-08,186,ApTad@live.com,513592442,524,2021-04-23
188,Ewa,Brodawka,1984-10-27,2022-12-08,187,EwBrodaw82@gmail.com,942262160,118,2021-04-11
189,Франц,Орлик,2003-07-12,2021-07-31,188,ФранОрл41@gmail.com,866814237,50,2022-08-20
190,Maurycy,Golon,1979-02-06,,189,MaurGol99@live.com,504512937,67,2022-08-01
191,Cyprian,Lenda,1942-09-06,2021-07-02,190,CypriLend70@wp.pl,533112372,572,2021-09-29
192,Marika,Drózd,1957-05-13,2022-07-02,191,MarDr23@live.com,884146922,302,2021-04-10
193,Paweł,Dej,1970-07-18,2021-04-24,192,PawDe71@gmail.com,726819876,160,2021-07-14
194,Marek,Beśka,1971-10-07,2021-07-17,193,MareBe74@wp.pl,530592298,190,2021-05-16
195,Симон,Терещук,1968-10-29,2022-04-24,194,СимТе92@mail.ru,886806125,527,2023-01-30
196,Julita,Karpiak,2005-04-10,2022-02-04,195,JuKarpia5@wp.pl,813479256,305,2021-08-14
197,Marcelina,Mizgała,1993-06-05,2021-04-24,196,MarcelMi35@wp.pl,286580687,45,2021-01-17
198,Sara,Komander,1987-04-12,2021-03-24,197,SaKo24@gmail.com,373414408,570,2021-01-05
199,Jerzy,Mysior,1988-02-02,2021-04-25,198,JerMysio7@wp.pl,822772630,95,2021-05-24
200,Inga,Łyczek,1968-09-25,2022-06-07,199,InŁyc95@gmail.com,670945608,395,2021-01-31
201,Dominik,Olma,1970-07-31,2022-12-28,200,DomOl@gmail.com,766271022,537,2021-03-23
202,Błażej,Anioła,1943-08-14,2021-04-12,201,BłAni42@wp.pl,161800544,253,2021-09-17
203,Emil,Kursa,1962-06-18,2023-06-07,202,EmKu@wp.pl,438920054,597,2021-01-05
204,Marek,Czenczek,1948-02-29,2022-06-29,203,MaCzencze88@gmail.com,772770553,235,2021-01-18
205,Павло,Щербань,1963-11-01,2021-10-17,204,ПавлЩербан@mail.ru,576444116,347,2021-09-10
206,Gaja,Słonka,1993-03-06,2021-09-22,205,GajSłon45@o2.pl,636281020,158,2021-07-02
207,Inga,Kapera,1978-02-04,2022-02-12,206,IngKa57@o2.pl,757395427,462,2021-02-19
208,Jacek,Szołtysik,1980-04-03,,207,JaSzołtys70@live.com,917140959,91,2021-07-03
209,Apolonia,Picheta,1952-05-31,2022-04-10,208,ApPi13@o2.pl,531552605,244,2021-07-01
210,Karol,Jasionek,1971-06-01,,209,KaroJasio@live.com,768625454,114,2021-05-07
211,Agnieszka,Lepka,1976-04-02,2021-11-26,210,AgnieszLe@gmail.com,579224576,273,2022-03-13
212,Sara,Makosz,1954-10-27,2022-08-22,211,SarMa55@live.com,226165821,150,2021-08-04
213,Aniela,Omiotek,1954-08-30,2022-07-13,212,AnOmi@wp.pl,714462160,16,2021-09-01
214,Artur,Perka,1950-02-14,2021-08-23,213,ArtuPe66@o2.pl,982377165,503,2021-03-26
215,Franciszek,Flaga,1943-07-04,2022-12-23,214,FrancFla23@gmail.com,392002047,490,2021-11-01
216,Waltrud,Holsten,1984-09-20,2021-08-23,215,WaltruHolste@gmail.com,962030020,36,2021-08-16
217,Liwia,Folta,1968-07-19,2021-04-24,216,LiwiFolt@o2.pl,384240212,216,2022-03-24
218,Eliza,Wenda,1956-12-21,2021-12-27,217,EliWend@gmail.com,251237403,248,2021-11-11
219,Angelika,Dziurdzia,1987-07-11,2022-03-14,218,AngeliDzi@live.com,343017476,142,2021-10-29
220,Dursun,Kusch,1964-07-12,2022-08-07,219,DursuKusc73@gmail.com,561844206,0,2021-04-18
221,Миколай,Макаренко,1976-08-09,2021-11-19,220,МиколМакарен55@live.com,267878252,489,2021-05-05
222,Eliza,Klęczar,1959-06-15,2021-06-08,221,ElKlę@live.com,490207067,313,2021-02-01
223,Marika,Adamiuk,1990-09-11,2022-11-22,222,MarAdamiu78@live.com,643333398,161,2022-03-04
224,Лукʼян,Демʼянчук,1958-12-31,2022-12-21,223,ЛукДемʼянч@gmail.com,153675564,60,2021-09-06
225,Одарка,Ґерета,1993-01-28,2022-05-07,224,ОдаҐерет14@live.com,496596664,308,2022-12-03
226,Альбіна,Петренко,1999-05-28,2022-04-30,225,АльбінПет94@mail.ru,998900687,322,2021-07-14
227,Sylwia,Kurz,1990-10-22,2021-03-04,226,SyKur96@wp.pl,644869036,497,2022-05-23
228,Karina,Siwa,2004-01-12,2021-07-08,227,KariSi64@wp.pl,236396893,219,2022-11-10
229,Nicole,Barcz,1956-06-18,2021-09-10,228,NicBa@live.com,786709526,460,2021-02-22
230,Ігор,Палій,1945-08-30,2021-08-28,229,ІгПалі24@live.com,672566660,405,2022-01-22
231,Ewa,Kansy,2000-07-11,2021-11-24,230,EwKan@o2.pl,690705019,251,2021-10-29
232,Stanisław,Wywiał,1958-02-19,2022-10-02,231,StanisłWywia67@wp.pl,430070711,254,2021-01-25
233,Szymon,Kościelak,1956-07-10,2023-01-14,232,SzyKo@live.com,613202100,464,2022-10-02
234,Marianna,Jaszczyszyn,1949-10-08,2021-04-03,233,MarianJaszczyszy100@wp.pl,607566168,271,2022-02-22
235,Angelika,Staś,1956-05-23,,234,AngelSta@o2.pl,760987756,175,2021-02-02
236,Marianna,Szemraj,1946-02-02,2022-08-22,235,MariaSze59@wp.pl,451614320,398,2022-10-23
237,Aleksander,Mularz,1957-01-31,2022-06-23,236,AleMular@live.com,895473124,455,2022-08-13
238,Мартин,Токар,1994-03-02,2022-03-08,237,МаТо@gmail.com,631074483,378,2021-03-23
239,Stefan,Gabryelczyk,1977-06-10,2022-03-25,238,StefGabryelc43@wp.pl,211798024,211,2021-04-11
240,Marek,Wandas,1959-09-01,2022-02-22,239,MaWand9@o2.pl,637786462,411,2023-01-23
241,Віра,Саєнко,1971-06-29,2023-04-04,240,ВірСа@live.com,879940845,116,2021-09-06
242,Dorota,Włodarz,1969-02-22,2021-01-09,241,DorWło81@wp.pl,184769131,152,2021-03-30
243,Priska,Dörschner,2007-01-21,,242,PriskDörschne82@gmail.com,651816125,136,2021-01-04
244,Natasza,Ropiak,2003-09-15,2022-03-22,243,NatRopia@o2.pl,745079933,19,2022-02-14
245,Elżbieta,Bociek,1952-08-18,2022-08-07,244,ElżbieBoci62@live.com,327611825,457,2021-12-31
246,Nataniel,Leks,1948-04-22,2022-04-17,245,NatLek4@live.com,676811174,403,2022-04-23
247,Szymon,Ropiak,1943-03-03,2022-05-01,246,SzyRopi@gmail.com,289384015,554,2021-04-16
248,Łukasz,Murat,1992-10-01,2023-03-27,247,ŁukaMura@gmail.com,512403786,481,2021-09-05
249,Alžběta,Štěpánková,1997-03-07,2022-07-31,248,AlžŠtěpánkovlive.com,249334629,22,2021-04-05
250,Костянтин,Єфименко,1949-03-26,2022-07-31,249,КосЄфиме@mail.ru,528633361,197,2023-03-02
251,Anna Maria,Ciesielczyk,1950-03-20,2022-08-30,250,AnnCiesie87@gmail.com,192674901,380,2021-09-13
252,Богданна,Парасюк,1996-12-26,2022-03-20,251,БогданПарасю@gmail.com,985378526,586,2021-05-24
253,Justyna,Drózd,1990-02-03,2021-01-26,252,JusDró88@o2.pl,980006959,242,2022-11-15
254,Melania,Wiszowaty,1953-06-20,,253,MelanWis87@wp.pl,320511038,112,2021-11-20
255,Urszula,Klyszcz,1961-10-26,2022-08-08,254,UrszulKlysz23@o2.pl,406421772,212,2022-10-16
256,Ewa,Przybyś,1981-04-29,2021-01-21,255,EwPrzy95@wp.pl,769765461,315,2021-11-25
257,Almut,Gnatz,1960-09-23,2021-10-27,256,AlmGnat1@gmx.net,779714126,281,2021-08-09
258,Stanislaw,Bonbach,1958-06-24,2022-06-25,257,StanislaBo19@live.com,313278702,113,2022-03-08
259,Hana,Vlčková,2003-12-18,2021-07-22,258,HanVlč51live.com,900574301,130,2021-06-03
260,Julita,Babiuch,1979-07-12,2023-03-04,259,JulitBabi16@wp.pl,656662989,12,2021-01-24
261,Tola,Janoszek,1983-05-28,2022-05-07,260,ToJa52@live.com,234634704,340,2021-03-25
262,Gustaw,Szmurło,1944-12-20,2022-09-08,261,GusSzm@gmail.com,417444596,230,2022-01-16
263,Szymon,Kempny,1959-05-12,2021-05-10,262,SzKempn6@o2.pl,763364234,234,2021-03-05
264,Adrianna,Hajdasz,1950-02-11,2022-03-05,263,AdrHajd@o2.pl,500922008,360,2021-01-21
265,Anastazja,Jędral,1963-02-09,2021-09-28,264,AnastazjJęd@o2.pl,765850622,477,2022-05-04
266,Климент,Стельмах,1958-05-19,2023-01-30,265,КлимСтель80@mail.ru,576692859,127,2021-09-27
267,Szymon,Księżyk,1944-06-03,2021-08-10,266,SzyKsię25@wp.pl,898183324,299,2021-01-04
268,Теодор,Свистун,1988-08-15,2022-07-08,267,ТеСви42@mail.ru,471577367,287,2021-02-26
269,Єва,Затовканюк,1985-10-04,2021-07-30,268,ЄвЗато22@gmail.com,560945256,159,2021-02-03
270,Aniela,Truchel,1998-12-12,2022-05-17,269,AnTruche53@wp.pl,136907263,433,2021-01-12
271,Malwina,Puc,1948-10-04,2023-03-04,270,MalwinPu@o2.pl,808491273,222,2021-03-21
272,Melania,Prażuch,1979-05-01,2022-02-16,271,MelanPraż54@gmail.com,936819349,23,2021-02-20
273,Rozalia,Musiała,1981-12-06,2022-03-25,272,RozaMusia@gmail.com,108472266,359,2022-02-11
274,Rozalia,Andrys,1994-10-01,2023-05-28,273,RozalAndr13@live.com,398257640,153,2021-05-03
275,Anastazja,Błądek,1990-07-31,2022-10-25,274,AnastaBłąde@o2.pl,427829998,70,2021-10-06
276,Софія,Архимович,1969-11-24,2021-10-16,275,СофіАрхимов82@live.com,228128310,117,2021-04-27
277,Rozalia,Palak,1974-03-29,2021-02-02,276,RozaPa78@live.com,154436654,290,2021-05-11
278,Adrianna,Ślebioda,1967-10-21,2023-01-05,277,AdŚlebio41@wp.pl,382810740,394,2021-01-06
279,Blanka,Skutnik,1954-03-21,2022-07-17,278,BlanSkutni@gmail.com,269392183,593,2022-05-31
280,Ewelina,Dziuda,2007-09-22,2021-08-16,279,EweDz84@o2.pl,836933246,447,2021-02-24
281,Aniela,Sowała,1978-03-19,2021-03-13,280,AniSow@o2.pl,217826586,194,2022-11-15
282,Emil,Taczała,1959-12-03,2022-03-23,281,EmiTa@gmail.com,799264297,345,2021-01-24
283,Wilfriede,Franke,1973-07-06,2022-12-29,282,WilfrFra62@gmail.com,933882709,461,2021-12-19
284,Aleksander,Wyrobek,1975-12-30,2021-08-19,283,AlWyrobe@o2.pl,801506083,522,2021-04-25
285,Bartek,Wysota,1974-11-23,2022-12-22,284,BaWys@gmail.com,983341539,465,2022-09-10
286,Степан,Барабаш,1949-12-06,2021-12-09,285,СтБара@live.com,309516875,364,2021-01-23
287,Мартин,Цюпа,1963-08-03,2021-06-13,286,МартЦюп25@mail.ru,753174601,508,2022-07-20
288,Jeremi,Bródka,1971-12-15,2022-04-18,287,JeBródk56@gmail.com,440574842,208,2021-07-01
289,Василина,Ляшко,2007-03-15,2021-09-16,288,ВасилинЛяшк@mail.ru,442348729,134,2021-01-04
290,Гліб,Баран,1966-05-07,2021-12-09,289,ГлБара74@gmail.com,398276440,440,2021-03-16
291,Robert,Duczmal,1960-09-04,2022-12-09,290,RoDuczm@live.com,322391322,443,2023-01-14
292,Марко,Андрійович,1990-01-25,2021-03-22,291,МаркАндр45@live.com,491208548,85,2021-11-06
293,Kamila,Doliwa,2009-10-24,2021-11-27,292,KamilDoliw31@gmail.com,879892575,592,2021-12-21
294,Станіслав,Артим,1996-11-25,,293,СтаАр90@gmail.com,384536835,339,2022-10-21
295,Apolonia,Wypiór,2005-09-07,2023-01-14,294,ApWypi@wp.pl,695650597,224,2022-09-21
296,Ewa,Majos,2006-12-08,2021-07-20,295,EwMa37@wp.pl,432681705,555,2021-01-30
297,Ryszard,Rosada,1981-02-03,,296,RyRo41@gmail.com,523721400,35,2021-06-26
298,Monika,Gapys,1963-05-04,2021-01-28,297,MonGapy@live.com,580746280,39,2021-01-04
299,Borys,Błądek,1979-06-27,2023-03-19,298,BoryBłąde@live.com,585406721,56,2021-01-04
300,Karina,Glonek,1978-10-02,2022-02-22,299,KarinGlo49@wp.pl,351650909,288,2021-09-03
301,Kalina,Fac,1983-04-18,2022-04-11,300,KalFa47@live.com,437708344,596,2021-01-14
302,Ida,Namysło,1942-09-19,2023-06-13,301,IdNamys@o2.pl,407981865,98,2022-01-22
303,Fryderyk,Bródka,1954-09-24,2021-11-17,302,FryderBród32@gmail.com,959574118,43,2021-10-29
304,Rozalia,Zbiciak,1951-09-05,2023-01-17,303,RozaliZbic53@live.com,519493710,285,2021-11-27
305,Wiktor,Pasztaleniec,1953-10-20,2023-02-16,304,WiktoPas@gmail.com,167758565,94,2021-01-04
306,Justyna,Czajor,2008-11-09,2022-06-17,305,JustCz16@gmail.com,410275373,89,2021-11-14
307,Gabriel,Tyniec,1965-12-21,2021-07-26,306,GabrieTyn44@gmail.com,265045622,581,2022-09-05
308,Устим,Свистун,1957-05-08,2021-02-26,307,УстиСв82@mail.ru,366361413,27,2021-05-06
309,Mieszko,Kurach,2008-04-20,2021-09-08,308,MieszKurac85@wp.pl,731266141,115,2021-02-22
310,Людмила,Лесик,2004-06-12,2022-01-12,309,ЛюдмЛеси@mail.ru,928466005,66,2021-04-16
311,Lukáš,Mareš,1987-08-28,2021-09-23,310,LukáMar27@gmail.com,114415780,344,2022-03-30
312,Sebastian,Mularz,1986-04-08,2022-07-06,311,SebastiMul@live.com,614994105,263,2021-09-27
313,Inga,Jaracz,1973-06-11,2022-08-04,312,IngJar44@o2.pl,473834367,133,2021-07-15
314,Болеслав,Ажажа,1986-04-21,2023-05-29,313,БоАж1@gmail.com,251857860,534,2021-09-20
315,Marcin,Klupś,1989-05-03,2021-06-30,314,MaKl54@wp.pl,645717033,81,2021-07-21
316,Oscar,Schacht,1946-07-28,2021-05-17,315,OscaSchac@gmx.net,580062505,26,2021-08-05
317,Kamila,Nowek,1954-09-21,,316,KaNowe69@live.com,439898627,381,2021-11-17
318,Monika,Stempel,1946-07-29,2021-02-14,317,MonikStempe73@wp.pl,843398747,131,2021-07-29
319,Edda,Gierschner,1953-03-20,2021-07-10,318,EddGi@gmx.net,711623069,176,2021-03-28
320,Alexandr,Sedláček,2007-11-13,2022-08-09,319,AlSedlá16@szn.cz,222236609,18,2021-06-28
321,Устим,Мазепа,1959-07-26,2022-02-18,320,УстМазеп34@mail.ru,740853350,268,2021-01-30
322,Kornelia,Sommerfeld,1956-04-22,2023-03-07,321,KornelSom@wp.pl,967711472,374,2023-02-08
323,Blanka,Bździuch,1965-03-17,2023-02-02,322,BlankBździ31@o2.pl,534325090,321,2021-12-16
324,Marek,Malarczyk,1996-05-27,2021-03-03,323,MarMa86@live.com,915687164,17,2022-08-26
325,Sylwia,Kubina,1948-06-05,2022-06-26,324,SylKu18@gmail.com,237297804,99,2021-08-13
326,Robert,Cyman,1949-05-21,2022-03-30,325,RoberCym36@live.com,243239298,68,2021-07-12
327,Hubert,Grzebyk,1995-02-12,2021-01-29,326,HubeGrz@o2.pl,166477457,256,2021-07-20
328,Blanka,Żywica,1992-01-15,2021-02-16,327,BlŻyw18@wp.pl,372456014,64,2022-02-03
329,Mateusz,Warczak,1963-06-29,2022-02-05,328,MateWarc48@live.com,122611573,474,2023-04-09
330,Wojciech,Siebert,1963-02-08,2023-03-06,329,WoSi@wp.pl,929420996,553,2021-09-11
331,Mieszko,Gral,1986-03-10,,330,MieszGr41@wp.pl,998472842,550,2022-09-22
332,Natan,Wawrzyczek,1983-09-21,2023-01-11,331,NatWawrzycz4@o2.pl,493181348,157,2021-06-27
333,Dorota,Smykla,1954-09-19,2021-05-13,332,DoroSmykl75@o2.pl,766424942,69,2022-06-12
334,Justyna,Kala,1943-04-02,2022-03-01,333,JustKa@wp.pl,968020514,418,2021-11-24
335,Oliwier,Ciołczyk,1958-09-03,2021-01-26,334,OliwCiołc@gmail.com,551839835,310,2021-01-22
336,Dorota,Szczypiór,1992-12-04,2022-01-18,335,DoSzczy81@o2.pl,825259589,516,2021-07-13
337,Andrzej,Och,2008-06-01,2022-07-08,336,AndrOc@wp.pl,396326365,414,2022-03-14
338,Anastazja,Małycha,2001-04-02,2022-05-20,337,AnastaMałych@live.com,236195855,226,2021-10-24
339,Leonard,Gołoś,1968-12-27,2022-07-08,338,LeonGo38@o2.pl,842729554,587,2021-01-04
340,Sylwia,Knysak,1946-04-16,2021-05-05,339,SylwiKnys19@wp.pl,249506045,220,2021-02-26
341,Kamila,Łój,1965-06-22,2021-09-25,340,KamilŁó44@live.com,635456441,435,2021-12-27
342,Korbinian,Häring,1978-10-01,2023-01-27,341,KorHärin84@web.de,158254512,585,2021-05-29
343,Cyprian,Greszta,1955-06-05,2021-11-09,342,CypriGres@gmail.com,297624266,306,2021-10-10
344,Kajetan,Przeklasa,1974-01-12,,343,KajetaPrzeklas46@gmail.com,997108494,179,2021-01-05
345,Hubert,Dobosiewicz,2010-05-20,2023-02-11,344,HubDobos@o2.pl,955217240,5,2021-01-29
346,Cezary,Perlik,2010-03-07,2021-05-09,345,CezPerli7@o2.pl,771593281,437,2021-11-09
347,Eliza,Cieplucha,1976-06-06,2022-12-29,346,ElCiep75@wp.pl,761884464,279,2022-04-26
348,Лесь,Гаврилишин,1993-03-08,2022-11-03,347,ЛеГаврилиши@gmail.com,627107367,262,2021-06-17
349,Józef,Kubisz,1964-07-27,2022-03-14,348,JózeKub@live.com,226939241,561,2022-09-22
350,Ewa,Krzyżostaniak,1967-04-01,2023-06-07,349,EwKrzyżos11@live.com,628865906,227,2022-01-13
351,Ярослав,Заєць,1976-08-05,2023-05-30,350,ЯрЗаєц@gmail.com,266794258,571,2022-09-07
352,Filip,Kik,1953-07-24,2021-03-17,351,FilKi16@live.com,325388124,548,2021-01-25
353,Marianna,Łuczka,1965-11-12,2021-04-01,352,MarŁucz24@live.com,162746820,431,2021-02-16
354,Aniela,Skup,1982-05-12,2021-08-28,353,AnieSku@gmail.com,645074026,183,2022-09-21
355,Dominik,Grabczak,1993-05-31,2021-08-28,354,DominGrab@o2.pl,497541623,453,2021-07-21
356,Ліза,Артюх,2006-01-14,2021-08-16,355,ЛізАртю@live.com,284811484,122,2021-04-02
357,Emil,Sapa,1985-07-06,2022-11-26,356,EmiSap@wp.pl,267716206,386,2021-11-12
358,Василина,Ніколюк,1977-12-30,2022-01-06,357,ВасиНі96@gmail.com,134095341,169,2021-02-16
359,Nela,Ławniczek,1950-11-18,,358,NeŁawnicze@live.com,886270693,539,2021-01-14
360,Karina,Pietrasiak,1953-08-24,2023-03-06,359,KarPi@wp.pl,329367091,155,2022-03-27
361,Sonia,Wujec,1964-09-30,2022-07-20,360,SoWu35@live.com,739035899,427,2022-10-12
362,Maciej,Ogłaza,2003-10-07,2021-02-05,361,MaOg@wp.pl,342999375,186,2022-12-18
363,Дарина,Єрмоленко,1964-04-30,2021-09-07,362,ДариЄр38@gmail.com,221976936,277,2021-04-12
364,Natasza,Jakimiak,1964-09-20,2021-05-01,363,NataJakim36@wp.pl,159988036,141,2021-09-13
365,Janina,Baum,1970-05-23,2021-09-02,364,JaniBau@o2.pl,194048706,143,2021-01-30
366,Aniela,Wawrzyńczyk,1955-05-30,2022-09-25,365,AniWaw95@o2.pl,516441282,120,2021-06-03
367,Sandra,Linka,1963-02-28,2022-10-10,366,SandLi@o2.pl,197051732,316,2021-05-10
368,Szymon,Migoń,1968-01-02,2022-06-28,367,SzymoMi6@o2.pl,903761859,547,2021-02-14
369,Angela,Rogner,1964-05-15,2022-06-22,368,AnRogne84@gmail.com,981453828,74,2021-06-05
370,Anna Maria,Mirgos,1995-02-04,2022-03-09,369,AnMi@gmail.com,526800245,128,2021-06-23
371,Богуслава,Ящук,1978-06-09,2021-07-20,370,БогусЯщу@live.com,518676241,343,2022-05-26
372,Aurelia,Turczyk,1980-03-18,2021-11-04,371,AuTurczy@live.com,915865000,33,2022-06-17
373,Adrian,Rajman,1970-11-22,2022-07-02,372,AdriRaj80@gmail.com,369390967,426,2021-06-09
374,Karina,Knapek,2006-01-19,2022-09-28,373,KaKn29@live.com,639004951,162,2021-05-19
375,Lidia,Rembacz,1978-08-12,2021-04-22,374,LiRem96@wp.pl,352454179,463,2022-04-11
376,Henry,Martin,1992-12-08,2022-10-24,375,HeMart@web.de,970748119,529,2021-01-07
377,Mariusz,Gosz,1999-09-22,2023-01-26,376,MariusGo@wp.pl,846425956,502,2022-01-04
378,Fabian,Piątkiewicz,2009-05-24,2021-12-10,377,FabPiątk70@wp.pl,629875559,126,2021-01-05
379,Krystian,Megger,1972-01-15,2022-06-13,378,KrMegg@gmail.com,456413118,42,2022-01-04
380,Elżbieta,Smal,1998-10-02,2021-10-13,379,ElżbSma@gmail.com,940292490,412,2021-08-14
381,Juliusz,Delikat,1959-09-10,2023-04-24,380,JulDelika@o2.pl,402663635,535,2021-01-21
382,Nataniel,Janke,2003-09-26,,381,NataJa77@wp.pl,675422233,41,2021-01-04
383,Stefan,Ciepluch,1999-10-09,2022-06-04,382,StefCieplu77@gmail.com,600984794,598,2022-11-20
384,Marcelina,Wożniak,1946-07-20,2021-07-03,383,MarcWo46@live.com,725866516,71,2021-05-22
385,Stanisław,Knieć,1958-04-01,2021-06-22,384,StanisłKnie@wp.pl,506591519,77,2022-01-11
386,Kornelia,Dub,1995-07-17,2022-10-08,385,KornDu99@wp.pl,586173335,384,2021-07-31
387,Sonia,Amanowicz,1979-10-10,2022-08-20,386,SoAman29@gmail.com,395199782,188,2022-07-24
388,Józef,Janczarek,1943-11-19,2022-06-05,387,JóJanc@live.com,911476022,73,2022-08-13
389,Marek,Hawro,1947-12-25,2021-12-30,388,MareHawr29@gmail.com,330212456,10,2021-09-07
390,Agnieszka,Majtczak,2000-12-26,2021-12-04,389,AgnMajtc@gmail.com,111433455,546,2021-09-15
391,Володимира,Романенко,1983-09-03,2022-12-14,390,ВолодимРоман10@gmail.com,987109653,390,2021-10-12
392,Marcin,Tusk,1973-09-28,2022-06-10,391,MarTus@gmail.com,812802316,531,2021-08-01
393,Rafał,Sławik,1963-09-16,2023-05-27,392,RaSławi63@wp.pl,512332939,257,2021-12-13
394,Kornelia,Pałęga,1942-08-09,2022-10-16,393,KorneliPałę@o2.pl,917237417,510,2021-12-07
395,Ewelina,Mirgos,1960-07-23,2021-11-15,394,EwelMirg@o2.pl,574389480,354,2021-08-27
396,Sonia,Świadek,1985-08-23,2022-08-21,395,SoŚwiad71@live.com,674479099,504,2022-01-24
397,Sara,Helman,1946-05-06,2023-02-08,396,SarHelm@o2.pl,171311341,4,2022-02-15
398,Vitus,Mangold,1944-08-16,,397,ViMan9@live.com,922856968,44,2021-10-03
399,Клавдія,Воблий,2003-11-27,,398,КлаВо@live.com,435080709,86,2021-10-25
400,Jędrzej,Brygoła,1997-01-19,2022-05-13,399,JędrzBryg@gmail.com,207766702,599,2021-12-08
401,Nataniel,Kik,1979-11-30,2021-11-08,400,NatanKi42@wp.pl,205358667,293,2021-09-29
402,Nela,Stelmasiak,1967-07-27,2021-04-24,401,NelStelma@o2.pl,880035409,458,2021-11-23
403,Bartek,Żero,1959-12-07,2022-04-19,402,BarteŻer@wp.pl,175993920,187,2021-10-16
404,Nela,Zagrajek,1947-02-25,2021-08-12,403,NelZagraj71@wp.pl,966562022,473,2022-10-09
405,Ivo,Misicher,2005-01-22,,404,IvMi67@web.de,792504578,217,2021-08-24
406,Karl-Hermann,Klemt,1954-08-06,2022-12-17,405,Karl-HermanKl57@gmail.com,198222892,404,2022-08-09
407,Suzanne,Caspar,1960-04-03,2022-06-28,406,SuzCasp@web.de,444980189,267,2022-06-26
408,Viktor,Dvořák,1945-11-25,2021-04-10,407,ViktDvořlive.com,868274427,325,2021-07-19
409,Julianna,Pernak,2001-04-23,2022-01-30,408,JuliPern91@live.com,194406603,362,2022-02-14
410,Julita,Czesak,1963-09-16,2022-07-21,409,JuCze40@live.com,637571437,76,2021-04-12
411,Dagmara,Zielke,1955-07-25,2021-01-25,410,DagZie47@o2.pl,397458333,284,2021-03-06
412,Tymoteusz,Graj,1979-11-19,2022-01-06,411,TyGr54@live.com,708867842,324,2021-07-16
413,Ignacy,Fijak,1951-02-10,2023-01-08,412,IgFi3@live.com,714067998,363,2022-05-31
414,Nicole,Waraksa,1995-02-27,2021-12-18,413,NicoWara@live.com,869202227,205,2023-03-31
415,Františka,Křížová,2003-08-12,2021-06-01,414,FranKřížo1@szn.cz,254122413,231,2021-09-13
416,Gustaw,Cierpisz,2002-12-22,2021-04-12,415,GustaCierp77@o2.pl,877319586,239,2022-06-09
417,Nela,Niklewicz,1998-04-11,2022-04-14,416,NelNiklew5@gmail.com,715005129,137,2021-04-10
418,Paweł,Tołoczko,1981-11-30,2021-05-24,417,PaweTołoc73@live.com,270219620,209,2021-05-07
419,Albert,Fuławka,1994-11-15,2021-11-16,418,AlFuław88@o2.pl,223157366,452,2021-02-04
420,Klara,Madziar,1943-03-24,2021-11-19,419,KlMadzia70@wp.pl,867489215,282,2021-11-30
421,Blanka,Malcher,1976-08-09,2021-03-10,420,BlankMalche@o2.pl,726357734,135,2021-12-10
422,Ольга,Гоголь-Яновський,1988-03-26,2021-03-22,421,ОлГоголь-@gmail.com,843559439,483,2021-10-20
423,Angelika,Minta,1989-01-09,2022-03-03,422,AngMin38@o2.pl,361689679,409,2021-12-11
424,Rozalia,Kazek,1978-01-29,2022-12-22,423,RozaKa78@gmail.com,645034755,215,2021-10-03
425,Agnieszka,Piguła,1993-11-24,2021-03-31,424,AgPi86@live.com,821044533,353,2021-04-05
426,Róża,Rubaj,1980-08-15,2021-05-17,425,RóRuba10@wp.pl,320675919,75,2021-01-28
427,Dagmara,Ubysz,1966-08-20,2022-04-20,426,DagmaUby76@gmail.com,584444008,7,2021-08-28
428,Bianka,Żabka,1986-08-26,2021-10-12,427,BianŻa27@wp.pl,717428708,304,2022-04-26
429,Alwine,Rogner,2000-09-11,2022-07-20,428,AlwinRogn61@gmx.net,900800069,283,2021-03-09
430,Krzysztof,Blank,2005-07-03,2021-05-16,429,KrzysztoBl36@live.com,411613325,329,2021-01-04
431,Luigi,Staude,1970-09-15,2022-05-23,430,LuStaud@web.de,999049857,348,2021-01-10
432,Оксана,Фурс,2004-10-15,2021-06-25,431,ОкФу@gmail.com,175325421,428,2021-06-02
433,Aurelia,Falba,1966-01-11,2021-08-30,432,AureFa47@o2.pl,384155325,532,2021-04-15
434,Janina,Barszczak,1982-11-22,2022-05-14,433,JaniBarszcz89@wp.pl,459626267,438,2021-07-20
435,Stanisław,Słomian,1958-12-21,2022-08-15,434,StaniSłomia64@wp.pl,553693419,509,2022-12-01
436,Julianna,Jarmuła,1992-10-27,2021-08-29,435,JulianJarmu17@gmail.com,163639008,272,2022-03-19
437,Iwo,Lemiesz,2002-12-04,2022-02-05,436,IwLe14@o2.pl,673977849,513,2022-03-31
438,Bartek,Huczek,1972-02-13,2022-08-21,437,BartHu@gmail.com,642905624,365,2022-03-23
439,Bianka,Szymula,1987-07-11,2021-08-04,438,BianSzymu23@o2.pl,549179581,512,2021-06-13
440,Dorota,Bany,1992-06-07,2022-09-13,439,DoroBa@gmail.com,562434218,8,2022-08-28
441,Лариса,Тесля,2005-07-19,2023-01-21,440,ЛариТес@live.com,327066502,87,2021-01-15
442,Aleks,Brózda,2006-06-04,2022-06-25,441,AlekBróz19@wp.pl,284805702,96,2021-05-20
443,Ростислав,Гречаник,1985-10-11,2022-08-30,442,РоГреча@gmail.com,555159425,105,2022-09-05
444,Albert,Supernak,1983-02-27,2023-05-05,443,AlbeSuper73@live.com,765480972,514,2021-07-13
445,Ryszard,Prygiel,1994-09-28,2021-12-07,444,RyszPrygi41@gmail.com,883606054,505,2021-07-22
446,Corina,Scholtz,1965-07-19,2022-10-14,445,CoriSchol30@gmail.com,229282291,469,2021-10-05
447,Apolonia,Reszke,1998-12-31,2021-05-30,446,ApolonRes57@live.com,935576594,468,2023-01-05
448,Julianna,Wołoszczuk,1961-12-13,2022-04-26,447,JuliWoł20@gmail.com,880607920,21,2022-07-28
449,Wiktor,Malisz,2005-10-05,2021-11-04,448,WiktMal@live.com,632616388,1,2021-11-03
450,Gusti,Hein,2005-03-28,,449,GusHe97@gmx.net,377012836,204,2022-12-31
451,Aniela,Namysło,1951-09-22,2023-03-29,450,AnieNamys@live.com,518449332,241,2021-04-26
452,Anastazja,Pacyga,1951-09-16,2021-10-19,451,AnasPacy15@live.com,729391000,422,2021-02-13
453,Kamila,Fijak,1998-02-03,2022-07-28,452,KamilFija67@o2.pl,766468524,101,2021-07-01
454,Kathi,Geisel,1967-11-19,,453,KathGeis46@gmx.net,969407022,46,2021-10-17
455,Rafał,Borzym,1999-12-19,2022-01-28,454,RafBo@wp.pl,930840025,255,2023-03-22
456,Matthäus,Lübs,1954-07-10,,455,MattLü89@live.com,144194030,334,2021-10-11
457,Malwina,Holewa,1981-12-29,2022-06-11,456,MaHole50@live.com,748340879,78,2021-05-18
458,Anita,Lenarcik,1969-12-27,2021-04-18,457,AniLenar@wp.pl,320200221,501,2021-02-09
459,Tymoteusz,Cetera,1974-03-07,2022-09-17,458,TymCe@live.com,314330004,100,2021-02-05
460,Richard,Polák,1997-10-13,2022-12-30,459,RiPo26@gmail.com,366433915,154,2022-01-06
461,Klara,Guściora,1951-12-02,2021-04-13,460,KlGuści0@gmail.com,918114445,515,2022-03-11
462,Tola,Frania,1956-04-14,2021-02-20,461,ToFr@gmail.com,474273448,335,2021-01-22
463,Klara,Chylak,1955-01-22,2022-06-18,462,KlaChy23@gmail.com,827641998,493,2021-08-27
464,Julita,Mazepa,1988-10-26,2021-01-21,463,JuliMaze2@live.com,289470780,83,2021-06-18
465,Eliza,Złotek,1997-05-30,2021-10-21,464,ElZł27@gmail.com,130078951,434,2021-12-08
466,Hans D.,Wagenknecht,1943-05-26,2022-03-25,465,HaWagen8@gmail.com,444956234,541,2021-12-30
467,Apolonia,Wołkowicz,1978-05-05,2021-04-01,466,ApoloniWołkowic81@wp.pl,775669689,182,2021-02-14
468,Леонід,Демиденко,2007-01-23,2021-12-06,467,ЛеДе31@gmail.com,191628804,243,2022-07-20
469,Sebastian,Knych,1978-04-13,,468,SebaKn27@gmail.com,131550433,240,2021-02-08
470,Gustaw,Doroz,1985-02-11,2022-09-14,469,GustaDor97@o2.pl,531568538,567,2021-04-21
471,Мартин,Яковенко,1983-07-16,2023-05-25,470,МарЯко82@live.com,218493136,207,2021-05-08
472,Anita,Frankowicz,1999-12-01,2021-11-16,471,AnFrankow97@wp.pl,997333747,544,2021-01-12
473,Святослава,Козаченко,1988-11-25,2021-07-03,472,СвяКозаченк@live.com,820421713,373,2021-01-04
474,Kaja,Kiełbik,1960-10-28,2021-04-04,473,KajKieł98@live.com,219230952,140,2022-05-09
475,Daniel,Dyś,1993-05-30,2022-02-10,474,DanieDy23@gmail.com,187658897,552,2021-04-12
476,Igor,Sałuda,1992-05-18,2021-02-06,475,IgSału89@wp.pl,234695271,93,2022-08-31
477,Iwo,Nazarko,2002-06-09,2023-05-01,476,IwNaza@o2.pl,739555026,54,2021-12-20
478,Szymon,Graban,1977-12-09,2022-01-29,477,SzymGra@wp.pl,839977320,269,2021-10-13
479,Eliza,Grzejszczak,1995-09-24,2021-08-29,478,EliGrzej@o2.pl,546000051,138,2021-01-05
480,Kamil,Borysiewicz,1955-07-16,2021-01-22,479,KamiBo@wp.pl,620083944,396,2021-09-16
481,Ida,Cyrek,1945-02-11,2022-04-09,480,IdCyre71@o2.pl,106400925,565,2021-09-19
482,Monika,Janiszek,1965-03-04,2022-12-27,481,MoniJanis@gmail.com,427028395,549,2021-08-05
483,Gabriel,Jędraszczyk,2005-08-03,2021-06-05,482,GabrieJędr80@o2.pl,925595520,423,2021-10-14
484,Angelika,Denkiewicz,1949-11-04,2022-09-01,483,AngelDenkiew51@o2.pl,250679901,538,2021-01-06
485,Marcelina,Sieradzan,1949-01-05,2021-09-11,484,MarcSieradza@live.com,360594537,413,2021-01-15
486,Konstanty,Hałat,1953-10-17,2022-01-09,485,KoHa@o2.pl,413757297,40,2021-08-24
487,Iwo,Kłysz,1977-10-17,2021-09-09,486,IwKł18@o2.pl,419116935,591,2021-04-29
488,Mikołaj,Pacewicz,2007-07-07,2022-12-29,487,MiPacew8@o2.pl,144870873,579,2021-10-11
489,Melania,Kolek,2009-02-16,2023-05-18,488,MelKol28@gmail.com,738067823,379,2022-02-01
490,Adrianna,Liśkiewicz,1960-05-26,2022-01-14,489,AdLiśkiew93@wp.pl,288985323,121,2021-05-04
491,Tadeusz,Leszcz,1999-08-02,2022-05-27,490,TadeLe15@gmail.com,641426094,488,2022-09-18
492,Adrianna,Rząca,1970-12-07,2022-10-20,491,AdriRzą@live.com,308531484,449,2022-03-12
493,Aurelia,Majorek,1949-06-14,2022-08-18,492,AuMajo@o2.pl,401000599,193,2021-01-07
494,Paulo,Hofmann,2002-02-07,2022-03-22,493,PauHofm57@gmx.net,744970788,429,2021-01-13
495,Gabriel,Malon,1970-05-20,2021-11-14,494,GabrMal@live.com,257510312,185,2021-03-29
496,Liwia,Sereda,1979-12-13,2021-04-22,495,LiSe@live.com,138786063,399,2022-05-10
497,Marek,Kiliszek,1992-01-08,,496,MaKilisz40@gmail.com,437599095,11,2022-02-17
498,Ewelina,Pastuszek,1957-08-20,2021-03-02,497,EwelinPastu44@gmail.com,528353095,249,2021-06-05
499,Błażej,Zbróg,1970-07-10,2021-08-06,498,BłaZbr@o2.pl,772241838,370,2021-04-05
500,Sylwia,Groborz,1998-01-18,2021-06-06,499,SylwiGro75@live.com,330337832,270,2022-04-15
501,Bruno,Lemieszek,1986-11-10,2021-12-11,500,BruLemiesze75@o2.pl,225488118,237,2022-01-12
502,Jacek,Proch,1956-07-05,2021-03-06,501,JaceProc43@wp.pl,995978803,245,2022-08-24
503,Łukasz,Heczko,1997-12-09,2021-08-30,502,ŁuHecz@live.com,545036871,482,2021-01-04
504,Igor,Roszkiewicz,1978-07-05,2021-10-21,503,IgRoszkiewic72@wp.pl,636772651,180,2021-08-10
505,Sandra,Olearczyk,1952-11-16,2022-04-22,504,SandrOlearc@live.com,774853940,280,2021-06-02
506,Ryszard,Sztuczka,1988-09-19,2021-07-11,505,RysSztucz3@gmail.com,838389550,38,2022-11-13
507,Юстина,Чекалюк,1992-04-05,2021-09-17,506,ЮстиЧекалю14@gmail.com,802308886,387,2022-12-29
508,Apolonia,Skubała,1950-01-05,2021-10-08,507,ApoloSkub@o2.pl,810858581,584,2022-10-17
509,Marko,Jopich,1995-08-05,,508,MarkJo16@gmx.net,707943789,90,2022-02-06
510,Cyprian,Tomal,1951-07-25,2021-04-15,509,CypriTo@wp.pl,525677505,441,2023-01-24
511,Марія,Дробаха,1960-05-11,2022-11-12,510,МаДро47@live.com,872812587,368,2022-03-28
512,Kalina,Mosiołek,1977-06-03,2023-02-21,511,KalinMosiołe@live.com,313176612,327,2021-10-15
513,Anneliese,Junck,1975-04-25,2021-05-15,512,AnnelJunc88@gmx.net,806730546,221,2021-03-11
514,Rafał,Miszta,1986-07-17,,513,RaMisz32@o2.pl,887380994,274,2022-08-18
515,Robert,Dybaś,1948-01-14,2022-03-08,514,RoberDy97@gmail.com,403093885,391,2021-01-26
516,Валерій,Карпа,1977-01-14,2021-02-14,515,ВалеріКарп82@live.com,156417830,228,2021-03-12
517,Ada,Drózd,1952-02-13,2021-08-22,516,AdDr18@o2.pl,648070763,450,2021-01-22
518,Miloslava,Krejčová,1988-10-20,2022-08-09,517,MiloslKrej64@szn.cz,848861426,330,2022-02-25
519,Alex,Jurczuk,1980-10-25,2022-07-20,518,AlJurczu52@o2.pl,183410171,410,2022-04-01
520,Нестор,Адаменко,1999-08-11,2022-10-15,519,НестАдаме64@gmail.com,211100234,545,2022-05-17
521,Adam,Kolka,1943-06-11,2023-03-31,520,AdKo@gmail.com,191272500,355,2021-11-18
522,Златослава,Якимчук,1995-05-14,2022-06-16,521,ЗлатославЯк@mail.ru,293187483,448,2022-04-17
523,Aniela,Kózka,2004-04-27,2023-05-15,522,AniKóz3@gmail.com,925358376,65,2021-06-04
524,Максим,Христенко,1951-02-23,,523,МаксиХрист98@live.com,840160920,332,2021-05-04
525,Roksana,Bartuś,1953-11-25,2022-08-09,524,RoksanBartu@live.com,668196904,551,2021-02-03
526,Artur,Moneta,1999-09-06,2023-06-01,525,ArtuMone1@wp.pl,115846907,369,2021-04-27
527,Tymon,Garbaciak,2004-01-15,2021-05-16,526,TymoGarbac@gmail.com,890979813,63,2021-02-25
528,Ewelina,Myszak,1971-07-19,2021-09-17,527,EwMysz19@wp.pl,790752339,492,2021-09-10
529,Marianna,Getka,1972-02-25,2022-12-04,528,MarianGet90@wp.pl,168282796,258,2022-09-30
530,Kalina,Borkiewicz,1996-05-16,2021-04-12,529,KaliBorkie@live.com,355081990,110,2021-06-28
531,Cyprian,Woszczyna,1977-04-16,2021-07-22,530,CypriWosz@wp.pl,737404526,111,2021-03-04
532,Malwina,Senger,1965-06-25,2021-01-22,531,MalwiSenge@gmail.com,358724900,232,2023-02-21
533,Błażej,Kulisz,1999-01-19,2021-04-12,532,BłKulis@o2.pl,869779968,430,2021-04-07
534,Наталія,Бабій,1987-10-31,2022-09-21,533,НатБаб@live.com,850472952,184,2021-09-26
535,Jaroslaw,Peukert,1968-06-27,2022-01-08,534,JarosPeuker@web.de,905563103,466,2021-04-25
536,Mikołaj,Drózd,1991-06-17,2021-05-25,535,MiDr@o2.pl,903765200,246,2021-02-21
537,Tola,Jakubaszek,1956-04-10,2021-07-09,536,ToJak9@o2.pl,726168744,485,2021-12-27
538,Damian,Häring,1993-10-29,2021-05-27,537,DamHärin4@live.com,880245482,264,2021-04-20
539,Bohumír,Moravec,1986-10-24,2021-11-11,538,BohumMorav86live.com,370075311,470,2021-02-14
540,Klara,Troka,1944-01-22,2022-01-27,539,KlarTrok@live.com,494220328,420,2021-08-04
541,Йосип,Міщенко,1943-04-17,2021-08-07,540,ЙосиМі42@live.com,494135464,311,2021-03-30
542,Tymoteusz,Bork,1971-04-12,2023-05-20,541,TymoteusBor1@gmail.com,667134966,139,2021-11-30
543,Роксолана,Бабариченко,1970-07-06,2022-02-01,542,РоксБабар30@live.com,413118271,214,2021-06-21
544,Inga,Widłak,1954-06-20,2023-04-03,543,InWi@gmail.com,424071644,181,2022-03-15
545,Stanislaw,Ring,1975-02-03,2021-07-26,544,StaniRin19@gmail.com,260973737,496,2021-06-04
546,Ida,Fogt,2007-12-26,2021-09-14,545,IdFog86@o2.pl,961926245,25,2021-05-28
547,Helena,Blažková,1971-08-18,2021-08-29,546,HelenBlažkov@gmail.com,874071780,336,2021-04-19
548,Piotr,Drgas,1999-09-05,2021-09-29,547,PiDrg100@wp.pl,822270122,333,2021-05-06
549,Ludvík,Kratochvíl,1978-09-16,2023-01-04,548,LudKrat34@szn.cz,579161477,58,2022-01-15
550,Angelika,Derek,1971-08-07,2022-07-17,549,AngelDer42@wp.pl,897323002,346,2022-02-28
551,Hubert,Rosada,1968-07-17,,550,HuberRo95@gmail.com,831676146,528,2021-07-11
552,Kornel,Kulczak,1949-11-27,2022-06-24,551,KorneKu9@gmail.com,642307377,388,2022-10-11
553,Radosław,Dub,1992-02-16,2021-09-13,552,RadoDu@wp.pl,372869286,303,2021-07-12
554,Justyna,Solis,1946-05-12,2023-03-01,553,JusSol21@gmail.com,554791957,540,2021-05-10
555,Ignacy,Ostapczuk,1994-04-30,2022-09-16,554,IgOstapczu@live.com,787160067,479,2021-04-17
556,Nicole,Kurnik,1964-12-10,2022-10-21,555,NicKur@o2.pl,982491918,475,2021-01-05
557,Gaja,Borysewicz,1964-11-12,2022-12-17,556,GaBorysewic@wp.pl,639088521,48,2021-01-21
558,Златослава,Забарний,1964-06-16,2021-12-18,557,ЗлатосЗаба54@mail.ru,468046432,144,2022-08-31
559,Rafał,Szemraj,1989-04-16,2022-08-05,558,RaSzemr@o2.pl,821303510,149,2021-02-02
560,Marianna,Noras,1991-05-10,2021-06-25,559,MariNo35@wp.pl,264369027,109,2021-06-02
561,Kalina,Moskalik,2006-02-12,2022-09-13,560,KalinMosk@wp.pl,628882214,451,2021-08-04
562,Przemysław,Piestrzeniewicz,2009-02-27,2022-12-16,561,PrzemysłaPiestrzeniewi33@gmail.com,547620984,276,2022-06-12
563,Malwina,Strzoda,2003-10-01,2021-07-21,562,MalwiStrz22@o2.pl,476651397,511,2021-02-12
564,Gustaw,Waloch,1962-03-28,2021-12-14,563,GuWalo51@o2.pl,472860698,62,2022-06-17
565,Jędrzej,Łuksza,1953-08-23,2021-04-09,564,JędrzŁu77@wp.pl,151450244,480,2021-07-14
566,Robert,Grzywnowicz,1966-08-06,,565,RoberGrzywnowi99@live.com,309976831,377,2022-04-09
567,Norbert,Kolbusz,1989-12-01,2022-08-23,566,NorberKol@live.com,696634718,92,2021-03-08
568,Rahel,Jäkel,1969-05-13,2022-06-21,567,RaheJäk@live.com,531959490,519,2021-06-21
569,Назар,Давиденко,1963-06-04,2021-04-12,568,НазДавиде54@live.com,731167020,574,2021-02-18
570,Marianna,Gierach,1982-08-31,2022-08-01,569,MariaGiera@live.com,440539106,530,2022-08-04
571,Marcin,Leoniak,1944-06-27,,570,MarciLeoni@o2.pl,605252881,376,2021-01-12
572,Aleksander,Szumna,1990-09-27,2023-04-15,571,AleksSzu62@gmail.com,262277132,317,2022-01-15
573,Alan,Skiepko,2002-12-16,2021-12-17,572,AlaSki@live.com,727525660,55,2022-02-20
574,Kamil,Wojtarowicz,2004-04-28,2021-01-28,573,KamWojtar36@o2.pl,721567805,557,2022-03-13
575,Ivana,Urbanová,1970-06-02,2022-02-08,574,IvUrbanov@gmail.com,727296179,568,2021-05-24
576,Janina,Wochnik,1991-11-16,2021-11-29,575,JanWochni@live.com,522855124,401,2021-07-11
577,Nela,Jędryczka,2001-11-10,2023-04-07,576,NelJędryc2@o2.pl,731872281,164,2021-11-25
578,Dominik,Hájek,1973-11-30,2021-08-06,577,DominiHáj65@gmail.com,630805791,417,2023-01-29
579,Leon,Bojdo,1959-11-26,2022-07-22,578,LeoBoj@live.com,848647362,358,2022-04-17
580,Tola,Ćmiel,1980-07-07,2021-06-05,579,TolĆm29@wp.pl,409754250,583,2022-02-01
581,Hubert,Miecznik,1965-05-19,2022-04-21,580,HuberMiecz32@o2.pl,272934111,454,2021-12-15
582,Nataniel,Folta,1962-10-26,2022-10-10,581,NaFol100@o2.pl,136345602,595,2021-12-24
583,Sandra,Kunc,1983-10-13,,582,SandKu21@wp.pl,458324917,563,2021-03-20
584,Daniela,Köster,1979-06-13,2022-10-09,583,DanielKö@gmx.net,646854893,192,2022-01-06
585,Roksana,Kubów,1948-06-01,2021-07-03,584,RoKu@wp.pl,856246589,177,2021-07-27
586,Jacek,Kryszkiewicz,1943-11-08,2021-07-08,585,JacKryszkiewic30@wp.pl,343667146,385,2021-03-25
587,Patrik,Rörricht,1948-09-05,2023-04-27,586,PatRö@gmx.net,292066700,124,2021-06-23
588,Пріска,Товстоліс,1969-09-11,2022-09-16,587,ПрісТо88@mail.ru,944684692,107,2021-04-28
589,Hakan,Etzler,1952-05-20,2021-05-12,588,HakEtz@gmail.com,501788877,259,2021-03-04
590,Julita,Wyrwich,1970-11-20,2021-01-21,589,JulWy65@wp.pl,885098745,352,2022-03-23
591,Miloš,Beneš,1980-02-07,2022-03-26,590,MilBe2@gmail.com,760992227,148,2023-01-03
592,Kacper,Gosik,1980-12-14,2021-10-10,591,KacpGosi31@live.com,468662480,30,2021-12-05
593,Sylwia,Blaut,1981-02-08,2021-03-29,592,SylBlau71@live.com,416039102,487,2021-03-09
594,Sylwia,Dąbroś,1983-09-01,2021-09-28,593,SylwiDąbr14@gmail.com,684425582,223,2022-05-29
595,Gabriel,Pasiut,1996-03-10,2021-06-02,594,GabPasi36@wp.pl,820762276,400,2021-05-19
596,Alan,Lewko,1968-10-29,2022-06-26,595,AlLew49@gmail.com,720203409,576,2021-05-06
597,Janina,Karczmarz,2008-07-16,2021-10-15,596,JaninKa65@o2.pl,580996992,6,2022-01-12
598,Tomasz,Lizoń,2004-09-29,2021-11-27,597,TomLi14@wp.pl,460792023,406,2021-05-17
599,Inga,Ciuk,2008-11-22,2021-01-27,598,InCiu33@gmail.com,409832660,349,2021-01-05
600,Monika,Osial,1982-04-15,2022-08-11,599,MonOsia12@wp.pl,720363818,301,2021-05-18
