first_name,last_name,birthdate,email,phone,address_id,registration_date,customer_id,VIP
Ida,Daraż,1987-06-03,IdDara@o2.pl,312326160,423,2021-01-04,1,2021-02-19
Sara,Smagacz,1958-04-28,SaSm@o2.pl,695203223,311,2021-01-04,2,2021-09-07
Antoni,Kielczyk,1985-03-30,AntonKielczy42@o2.pl,501502971,49,2021-01-04,3,2023-06-05
Julian,Hyjek,1956-05-26,JulHyje76@gmail.com,223781981,548,2021-01-04,4,2023-04-03
Łukasz,Durma,1972-11-18,ŁukasDur@live.com,208420032,24,2021-01-04,5,2022-04-17
Леонід,Байрак,1951-10-25,ЛеБайра33@mail.ru,675537798,320,2021-01-04,6,2021-05-21
Надія,Андрієнко,2005-05-23,НадіАндрі@live.com,303089504,0,2021-01-04,7,2022-07-14
Nela,Surdyk,1965-05-24,NelSur14@o2.pl,526653640,442,2021-01-04,8,2023-04-30
Andrzej,Drózd,1968-02-15,AndrzDr92@live.com,984191472,30,2021-01-04,9,2021-07-03
Марʼяна,Безбородько,1971-11-08,МарБезбо93@live.com,290310820,265,2021-01-04,10,2021-03-21
Jeremi,Kurc,1952-02-26,JerKu@wp.pl,770380906,422,2021-01-04,11,2021-06-07
Mikołaj,Niklewicz,1962-04-16,MikołaNikle@gmail.com,272915957,313,2021-01-04,12,2023-05-13
Monika,Burzawa,1999-10-11,MonikBu99@wp.pl,152414317,400,2021-01-04,13,2021-02-18
Ліза,Охримович,1986-11-17,ЛіОхримови@live.com,419919392,453,2021-01-04,14,2022-12-25
Маруся,Безбородьки,1996-07-06,МаБезборо88@mail.ru,559392497,438,2021-01-04,15,2021-02-18
Kacper,Niemczuk,1977-12-29,KaNiemc@o2.pl,635655910,124,2021-01-04,16,2021-01-10
Феофан,Корж,1976-10-28,ФеофаКор@live.com,816648000,360,2021-01-05,17,2022-02-25
Robert,Sroga,1975-10-30,RobeSr80@gmail.com,211873129,135,2021-01-05,18,2023-03-08
Liwia,Świt,1971-07-26,LiŚw68@o2.pl,925711942,163,2021-01-05,19,2021-02-18
Róża,Pysz,1975-11-20,RóPys@wp.pl,283209622,491,2021-01-05,20,2023-04-07
Błażej,Frankowicz,1970-11-20,BłFr@o2.pl,114601832,353,2021-01-05,21,2021-04-30
Julianna,Solich,1973-01-10,JuliSol@wp.pl,650543251,78,2021-01-05,22,2022-01-11
Oliwier,Wojcik,1982-09-24,OliwWo@wp.pl,244498435,230,2021-01-05,23,2022-01-27
Olga,Tabak,1956-10-07,OlgTa22@o2.pl,332085051,86,2021-01-05,24,2022-10-13
Tadeusz,Kostera,1955-07-03,TadKos@wp.pl,517849059,344,2021-01-05,25,2022-01-16
Єфрем,Худяк,1983-02-24,ЄфХу@gmail.com,697307743,245,2021-01-05,26,2021-02-02
Tymon,Kostera,1987-03-16,TyKos62@wp.pl,918128456,575,2021-01-05,27,2023-03-21
Jerzy,Hołysz,1957-11-16,JerHołys94@o2.pl,604945901,377,2021-01-06,28,2021-01-24
Захар,Таран,1969-09-23,ЗаТа@mail.ru,167356869,255,2021-01-06,29,2022-03-11
Cezary,Janisz,2009-09-30,CezarJani@o2.pl,910460688,14,2021-01-06,30,2021-04-05
Hermine,Gutknecht,1993-10-12,HerminGutk25@web.de,575462198,359,2021-01-06,31,2021-04-27
Людмила,Пелех,1949-12-17,ЛюдмилПе7@mail.ru,600743718,260,2021-01-06,32,2021-01-25
Tadeusz,Janiuk,1958-09-23,TadeusJani89@wp.pl,808436117,301,2021-01-06,33,2023-02-14
Kaja,Bugla,1962-08-18,KajBug57@gmail.com,770568866,373,2021-01-07,34,2023-05-24
Nicole,Wojtunik,2001-09-15,NicWojtu14@o2.pl,443358126,310,2021-01-08,35,2021-08-15
Róża,Warzybok,1948-08-16,RóWarz12@gmail.com,174348940,1,2021-01-09,36,2021-02-03
Anna Maria,Bryzek,1967-09-25,AnBryz@live.com,579886099,226,2021-01-11,37,2022-01-08
Blanka,Cywka,1985-02-16,BlaCyw24@o2.pl,413678942,512,2021-01-11,38,2022-05-09
Alan,Żółkiewicz,1991-09-18,AlaŻół99@gmail.com,301903277,224,2021-01-12,39,2021-03-26
Jaroslaw,Hartung,2001-06-13,JaroHa56@gmail.com,219606279,542,2021-01-13,40,2021-06-29
Aurelia,Kiwior,1974-02-07,AurKi18@wp.pl,545905133,315,2021-01-13,41,2021-05-13
Aniela,Durlak,1948-05-29,AnDur@gmail.com,119695158,147,2021-01-14,42,2022-09-25
Apolonia,Kręgiel,1944-05-18,ApKręg73@gmail.com,771187865,302,2021-01-14,43,2022-07-27
Сніжана,Перепелиця,1983-02-28,СніПерепелиц11@gmail.com,396826583,98,2021-01-15,44,2021-11-22
Тетяна,Уманець,1967-04-09,ТетяУмане@gmail.com,757136103,566,2021-01-16,45,2021-12-25
Patryk,Łobacz,1990-09-19,PatryŁobac0@gmail.com,350687514,325,2021-01-17,46,2022-03-09
Bianka,Pajek,2001-03-29,BianPaj@gmail.com,882116187,587,2021-01-18,47,2021-10-07
Dominik,Radzio,1945-10-13,DoRadzi@live.com,804188609,517,2021-01-18,48,2021-07-26
Ignacy,Organiściak,1994-12-24,IgnOrganiści66@o2.pl,131197739,540,2021-01-21,49,2021-01-30
Ernest,Wołkowicz,1979-02-09,ErnesWołkowic99@wp.pl,205922700,452,2021-01-21,50,2022-09-01
Maciej,Duras,1948-07-09,MaciDur56@o2.pl,434819093,481,2021-01-22,51,2021-04-17
Jerzy,Cyrek,1985-03-12,JeCyr11@o2.pl,374117755,475,2021-01-24,52,2021-05-10
Vlado,Bruder,1986-04-09,VlaBru@gmx.net,519364594,131,2021-01-24,53,2021-07-18
Борислав,Жайворон,1945-04-02,БориЖай71@mail.ru,153864782,106,2021-01-24,54,2021-02-28
Kazimierz,Roś,1990-03-20,KazimierRo38@live.com,812647844,44,2021-01-25,55,2021-04-18
Jędrzej,Kolka,1967-03-21,JędrzeKol43@gmail.com,237406238,164,2021-01-25,56,2021-04-21
Kalina,Płócienniczak,1965-01-10,KalinPłócien41@live.com,109484543,234,2021-01-25,57,2022-12-06
Melania,Husak,1991-10-30,MelHusa@live.com,102078521,34,2021-01-26,58,2021-04-24
Justyna,Ławniczek,1998-12-25,JustŁawn9@o2.pl,594139481,37,2021-01-27,59,2021-09-26
Agnieszka,Janiszek,1955-05-23,AgnieszkJani7@gmail.com,458151091,228,2021-01-29,60,2021-04-12
Martina,Soukupová,1989-06-13,MarSoukupov3live.com,944345405,545,2021-01-31,61,2021-12-24
Asta,Tlustek,1978-05-16,AstTlus61@gmx.net,731030984,550,2021-02-02,62,2022-04-17
Emil,Hanas,1986-04-04,EmHan24@gmail.com,687546019,69,2021-02-02,63,2022-09-03
Iwo,Machul,1989-02-11,IwMa34@live.com,510228298,389,2021-02-04,64,2021-12-07
Roksana,Oczko,1954-04-27,RoksanOczk@wp.pl,752594016,346,2021-02-05,65,2021-03-23
Róża,Hajdas,1956-07-06,RóżHajda72@o2.pl,861668274,358,2021-02-06,66,2022-07-30
Igor,Kłysz,2009-08-07,IgKłys@wp.pl,556683618,434,2021-02-07,67,2023-05-23
Anna Maria,Śleziak,1992-07-17,AnŚle@gmail.com,978429755,89,2021-02-09,68,2022-07-18
Róża,Stwora,1967-06-13,RóStwor39@wp.pl,365119632,521,2021-02-13,69,2021-07-21
Daniel,Potok,1957-12-16,DaPo34@wp.pl,108618874,551,2021-02-13,70,2021-08-23
Kalina,Olko,1991-10-12,KalOlk8@gmail.com,989106155,26,2021-02-13,71,2021-03-15
Karina,Hanke,1957-04-30,KariHa65@o2.pl,730671285,576,2021-02-14,72,2021-12-15
Olgierd,Grzebyk,1985-10-21,OlgGrze50@live.com,923605703,568,2021-02-14,73,2021-08-16
Adam,Rychcik,2005-06-08,AdRyc60@live.com,420422180,108,2021-02-15,74,2022-09-08
Elżbieta,Bogaczyk,1998-10-30,ElBog20@wp.pl,292775990,281,2021-02-15,75,2022-03-30
Алла,Тригуб,1955-08-22,АлТригу@mail.ru,360175290,559,2021-02-17,76,2022-06-13
Ernest,Korab,2003-09-07,ErnKo95@wp.pl,364681311,330,2021-02-18,77,2022-04-03
Marika,Wyrobek,1977-10-30,MarWyro@wp.pl,155603359,596,2021-02-18,78,2021-04-05
Орест,Вакарчук,2004-05-17,ОреВакар@live.com,649712903,225,2021-02-18,79,2023-02-28
Eryk,Berendt,2010-06-14,ErBer@o2.pl,701116104,340,2021-02-18,80,2021-06-10
Adrianna,Kierepka,1943-01-04,AdrKierep90@wp.pl,595545720,486,2021-02-19,81,2021-08-24
Jenny,Schulz,2006-04-20,JennSchul2@gmx.net,276515354,62,2021-02-20,82,2021-04-21
Dorota,Gąszczak,1968-08-24,DorGąs0@gmail.com,109262848,235,2021-02-21,83,2021-10-25
Karina,Pęksa,1970-07-11,KariPęk91@live.com,517914941,160,2021-02-22,84,2021-10-29
Natan,Darul,1985-07-08,NataDa12@o2.pl,211672608,125,2021-02-22,85,2022-11-12
Steffi,Preiß,1962-08-11,StePr@live.com,343119755,401,2021-02-22,86,2023-02-13
Radek,Blažek,1992-09-24,RadeBl5@szn.cz,582956321,185,2021-02-23,87,2021-12-25
Wiktor,Niewiara,1994-02-07,WiNiewi@wp.pl,848680831,441,2021-02-23,88,2021-08-24
Jacek,Jacak,1981-09-07,JaJac@wp.pl,601272960,67,2021-02-24,89,2021-11-05
Данило,Симоненко,1999-04-04,ДаниСимоне58@live.com,507108776,12,2021-02-25,90,2021-03-19
Kamil,Myszk,1994-04-10,KamMy56@o2.pl,721270642,196,2021-02-25,91,2022-01-12
Gaja,Windak,1980-07-05,GajWinda@wp.pl,393821664,528,2021-02-27,92,2022-08-22
Gretchen,Wilmsen,1961-08-27,GreWilmse@gmx.net,952720898,449,2021-02-28,93,2023-02-18
Bartek,Kuska,2007-09-26,BarKu14@wp.pl,698595932,43,2021-03-01,94,2021-04-24
Olgierd,Penkala,1951-02-17,OlgierPenk24@wp.pl,505388247,572,2021-03-01,95,2022-07-07
Mieszko,Hrabia,1969-10-25,MieHrabi@wp.pl,340965445,554,2021-03-02,96,2021-10-10
Ernest,Latuszek,2000-12-15,ErLatusz30@o2.pl,622113196,195,2021-03-08,97,2022-04-22
Tomasz,Galica,1958-06-17,TomasGali@live.com,429279125,104,2021-03-10,98,2022-03-14
Filip,Łepek,1984-08-30,FiŁep71@gmail.com,152547638,384,2021-03-10,99,2023-06-09
Fabian,Mitera,1960-03-16,FaMit38@live.com,189417679,345,2021-03-10,100,2021-10-04
Kornel,Taciak,1980-04-03,KorneTacia@wp.pl,302866378,539,2021-03-10,101,2022-09-02
Nikodem,Kiciak,1952-05-08,NikodeKic6@o2.pl,304108340,139,2021-03-10,102,2022-08-30
Ivana,Vaňková,1944-06-18,IvanVaňko79@szn.cz,568504807,173,2021-03-11,103,2021-12-22
Konrad,Chabior,1986-11-14,KonChabio81@live.com,389822667,492,2021-03-12,104,2021-08-08
Urszula,Ufnal,1991-09-26,UrUf59@gmail.com,738517465,298,2021-03-12,105,2021-12-18
Tobiasz,Leśko,1996-02-06,TobiaLeśk37@live.com,312815357,306,2021-03-12,106,2021-04-14
Monika,Słomiany,1988-01-01,MoSł67@o2.pl,604758508,114,2021-03-13,107,2022-03-23
Helmuth,Lübs,1953-01-31,HelmLüb@gmx.net,357828312,201,2021-03-14,108,2022-08-02
Bianka,Linke,1951-04-17,BiaLi@o2.pl,876998958,193,2021-03-14,109,2021-06-07
Leonard,Szkaradek,2006-06-05,LeonaSz@wp.pl,448633118,79,2021-03-14,110,2021-06-14
Marianna,Dziadkowiec,1977-01-14,MarianDziadko44@live.com,792910779,393,2021-03-15,111,2021-03-28
Ewa,Nasiadka,2007-04-29,EwNasiad1@gmail.com,622228450,488,2021-03-15,112,2021-09-17
Клавдія,Супруненко,2003-02-26,КлавдіСупру@live.com,252300378,162,2021-03-18,113,2021-07-08
Daniel,Fraszczyk,1970-09-04,DaFr84@wp.pl,318295406,371,2021-03-25,114,2022-08-16
Kaja,Młot,1945-03-10,KaMło@o2.pl,279680337,84,2021-03-26,115,2022-09-14
Dawid,Kmak,1962-10-03,DawiKm@wp.pl,932341750,411,2021-03-27,116,
Olgierd,Wittbrodt,1996-11-30,OlWi18@wp.pl,390598795,258,2021-03-27,117,2021-05-04
Apolonia,Fik,1958-09-02,ApolonFi74@live.com,585384718,289,2021-03-28,118,2021-10-22
Alex,Szarpak,1988-02-23,AleSzarpa@gmail.com,588665816,489,2021-03-28,119,2021-09-11
Łukasz,Pal,1981-03-10,ŁukasPa@live.com,911781763,487,2021-03-29,120,2022-07-16
Martina,Weinhold,1982-02-18,MartWei@gmx.net,467376328,155,2021-03-31,121,2021-04-01
Оксенія,Тригуб,1990-01-31,ОксеніТриг@mail.ru,963027299,149,2021-04-02,122,2022-08-08
Julian,Prochownik,1952-05-28,JulProch53@live.com,114080408,287,2021-04-03,123,2021-06-23
Diedrich,Stahr,2009-09-11,DiedrSta98@live.com,214654445,557,2021-04-03,124,2023-04-24
Marianna,Kucewicz,1960-07-01,MariKuce@o2.pl,257121692,118,2021-04-04,125,2021-10-02
Tobiasz,Maćczak,1964-01-25,TobiasMa@wp.pl,819592680,8,2021-04-04,126,2022-08-22
Kacper,Gołoś,2007-06-29,KacpeGoł@o2.pl,100767325,547,2021-04-05,127,2023-03-28
Julita,Fronczek,2000-02-16,JuliFr23@gmail.com,109427322,290,2021-04-05,128,2021-08-06
Janina,Sady,1956-08-21,JaniSa@wp.pl,250867746,469,2021-04-06,129,2021-05-10
Tola,Drynda,2007-06-11,TolDry63@live.com,744720578,432,2021-04-06,130,2022-04-27
Karol,Herbut,1997-09-22,KarHerb82@live.com,297827097,534,2021-04-07,131,2023-06-14
Dorota,Kosiec,2002-11-10,DoKo@gmail.com,532584724,409,2021-04-09,132,2023-04-25
Daniel,Żabka,2009-09-25,DaŻab@live.com,797579233,270,2021-04-10,133,2023-06-03
Jacek,Rychcik,1990-09-09,JacRych60@live.com,886208749,395,2021-04-13,134,2022-11-13
Tola,Sprycha,1981-04-28,TolSpry64@o2.pl,123569626,431,2021-04-14,135,2021-05-23
Aniela,Zinkiewicz,2001-07-05,AniZinkiew@o2.pl,898947158,87,2021-04-15,136,2022-07-03
Dominik,Aleksandrzak,2008-11-01,DomAleksandr67@wp.pl,657638155,202,2021-04-15,137,2021-07-01
Klara,Działak,1948-11-25,KlaDzi62@o2.pl,383591122,477,2021-04-16,138,2023-06-13
Опанас,Кащенко,1991-07-14,ОпаКащен@gmail.com,216097467,266,2021-04-19,139,2021-05-24
Eliza,Katana,1959-03-19,ElKata@gmail.com,386805537,381,2021-04-19,140,2022-06-06
Rudolph,Krebs,1995-11-21,RuKre@web.de,417838437,430,2021-04-20,141,2021-05-03
Grzegorz,Cyrulik,1994-05-14,GrCy60@gmail.com,971395600,45,2021-04-22,142,2021-05-09
Kornelia,Skomra,2005-04-20,KorSk@o2.pl,832722435,93,2021-04-23,143,2023-05-20
Sandra,Kasiak,1957-03-28,SandrKas@wp.pl,954209312,100,2021-04-25,144,2022-09-22
Kornelia,Brygoła,1942-12-18,KorneliBrygoł23@live.com,665534715,538,2021-04-25,145,2021-05-27
Natasza,Rut,1947-04-16,NatRu36@o2.pl,118169711,291,2021-04-26,146,2021-08-02
Konstanty,Korzekwa,1974-03-14,KonstaKorz@live.com,456635880,172,2021-04-26,147,2021-05-25
Wiktor,Gruszczyk,2006-09-18,WiktoGrus83@gmail.com,704405358,110,2021-04-28,148,2021-05-11
Tola,Pernak,1990-08-28,TolPern@gmail.com,453127948,433,2021-04-28,149,2021-09-16
Rozalia,Walusiak,1962-09-12,RozaWalus3@o2.pl,520172778,499,2021-04-29,150,2023-03-17
Марія,Вівчаренко,1954-01-03,МарВівчаре11@live.com,191299749,288,2021-04-30,151,2021-12-13
Karina,Siewert,1970-07-21,KaSiewer52@wp.pl,656290251,419,2021-04-30,152,2021-12-08
Anastazja,Bujas,1969-11-04,AnaBuja69@o2.pl,589034329,578,2021-04-30,153,2022-08-14
Nela,Saternus,1958-07-31,NeSat@o2.pl,850087067,205,2021-05-01,154,2022-03-12
Kamil,Błasik,1969-07-21,KamBłas92@o2.pl,510834569,121,2021-05-01,155,2021-07-11
Natálie,Jandová,1967-11-02,NatálJa77@szn.cz,732511843,571,2021-05-01,156,2021-10-07
Dominik,Kołaczek,2004-08-18,DomKoła24@o2.pl,712474599,134,2021-05-03,157,2022-10-29
Tola,Szalast,1969-08-02,ToSzala87@live.com,746197990,366,2021-05-03,158,2021-07-10
Kamila,Pawełkiewicz,1971-08-22,KamiPawełk@wp.pl,982010971,199,2021-05-03,159,2022-01-08
Ludmila,Krejčová,1947-07-18,LudmilKre7live.com,162628065,541,2021-05-04,160,2021-10-09
Аліна,Колодуб,1975-01-25,АлКо@live.com,334388301,497,2021-05-04,161,2022-03-09
Emilie,Blažková,1995-04-23,EmiliBlažko@gmail.com,100641395,343,2021-05-07,162,2021-11-22
Dagmara,Aleksander,1951-06-08,DaAle@gmail.com,686573901,161,2021-05-09,163,2021-07-02
Krystian,Garczyk,1998-11-10,KrystiaGar@live.com,393058906,293,2021-05-13,164,2021-12-08
Inga,Klebba,1980-10-27,InKleb@wp.pl,678069861,254,2021-05-13,165,2021-06-10
Igor,Soczewka,1957-06-09,IgSocze@live.com,440582157,322,2021-05-14,166,2021-09-03
Stanisław,Lukas,1983-01-05,StanLuka77@gmail.com,545760540,11,2021-05-14,167,2021-09-11
Лілія,Демʼянюк,1952-07-01,ЛіліДемʼ@gmail.com,490444869,128,2021-05-15,168,2023-01-28
Juliusz,Przewoźna,2006-01-14,JuliuPrzew@o2.pl,300313358,508,2021-05-16,169,2021-07-22
Пилип,Петренко,1974-11-24,ПилПетрен37@mail.ru,351517470,552,2021-05-16,170,2021-09-03
Apolonia,Wereda,1959-05-30,ApoloniWered68@gmail.com,828909508,259,2021-05-17,171,2021-10-08
Konrad,Sadza,1949-02-17,KonrSad57@o2.pl,131378893,76,2021-05-17,172,2022-01-24
Józef,Sacharczuk,1973-08-19,JóSac54@gmail.com,301207836,285,2021-05-18,173,2022-01-11
Bohumír,Štěpánek,1986-04-10,BoŠtěpá82@szn.cz,409542486,573,2021-05-20,174,2022-02-24
Marianna,Romańczyk,1959-07-13,MariaRomańc68@gmail.com,263313256,209,2021-05-20,175,2021-07-01
Kornel,Sondej,1947-09-25,KorneSon62@wp.pl,323648267,454,2021-05-20,176,2022-05-06
Tymoteusz,Marat,1971-01-20,TymoteusMa37@wp.pl,452244739,513,2021-05-22,177,2021-09-26
Roksana,Jasina,1972-12-12,RoksanJas6@gmail.com,185187437,597,2021-05-24,178,2022-12-29
Mariusz,Bilik,1946-11-05,MaBili@o2.pl,949907198,363,2021-05-26,179,2021-11-23
Arkadiusz,Kanik,1992-09-27,ArkadiKani@wp.pl,457951142,59,2021-05-29,180,2022-02-26
Jakub,Bochnia,1984-07-16,JakBochni79@gmail.com,380697825,115,2021-05-29,181,2022-07-13
Cezary,Cheba,1965-10-01,CezarChe64@live.com,923299454,153,2021-05-29,182,2022-09-25
Natan,Kałwa,1995-10-11,NaKa54@wp.pl,432272695,233,2021-05-30,183,2022-01-17
Aniela,Małyszka,1954-12-19,AnMałyszk88@o2.pl,589824347,257,2021-05-31,184,2022-01-28
Eryk,Karnas,2010-06-15,EryKarna@live.com,106031634,585,2021-05-31,185,2021-10-05
Marika,Pych,1986-03-01,MaPy91@wp.pl,577106488,402,2021-06-01,186,2023-01-07
Justyna,Szumiło,1963-03-02,JusSzu@gmail.com,484207603,229,2021-06-02,187,2022-11-13
Nicole,Ziniewicz,1967-02-20,NicZini21@o2.pl,463875571,327,2021-06-02,188,2022-05-09
Cemil,Römer,1973-08-01,CemRö62@web.de,254079260,22,2021-06-02,189,2022-10-14
Björn,Roskoth,1975-12-18,BjörRos74@web.de,905251730,555,2021-06-03,190,2021-11-19
Eliza,Matela,1973-01-29,EliMa8@gmail.com,420086269,333,2021-06-06,191,2022-01-30
Maciej,Dybiec,2001-06-14,MaciDy27@wp.pl,237948566,378,2021-06-09,192,2021-06-14
Igor,Grzelec,1975-10-25,IgGrzele18@live.com,323638327,88,2021-06-10,193,2023-06-07
Adam,Nawrotek,1961-02-04,AdaNawrot98@gmail.com,358312775,563,2021-06-10,194,2023-01-26
René,Zobel,1982-08-24,RenZob32@live.com,393711798,476,2021-06-11,195,2022-02-06
Ignacy,Franc,2007-11-01,IgnaFra42@o2.pl,187151763,231,2021-06-16,196,2021-10-21
Rafał,Melka,1967-01-29,RaMelk@wp.pl,223532819,99,2021-06-17,197,2022-03-29
Артем,Масляк,1989-05-22,АртМасл@gmail.com,921863080,413,2021-06-18,198,2022-12-17
Kacper,Mielke,1975-08-15,KacpMielk@gmail.com,412827578,447,2021-06-20,199,2022-12-27
Blanka,Szajda,1947-05-09,BlankSzajd19@gmail.com,162421960,222,2021-06-20,200,2022-09-21
Adrianna,Kazberuk,2005-11-10,AdKa17@o2.pl,310031005,435,2021-06-20,201,2022-11-12
Łukasz,Buksa,1957-10-12,ŁukBu20@wp.pl,745635578,446,2021-06-21,202,2023-03-12
Malwina,Orman,2000-09-26,MalwOrma43@live.com,403748452,364,2021-06-22,203,2021-11-08
Nela,Fac,1982-04-15,NeFa47@gmail.com,994413400,504,2021-06-23,204,2021-08-16
Daniel,Rozum,1960-03-22,DaRo92@o2.pl,340802665,460,2021-06-27,205,2021-11-06
Vít,Horák,1946-06-14,VíHorálive.com,981974489,19,2021-06-28,206,2023-01-14
Lidia,Wąsala,2004-10-16,LiWą@live.com,621842926,48,2021-06-28,207,2021-07-13
Janina,Sanetra,1991-06-24,JaninSanetr94@wp.pl,375011908,279,2021-06-29,208,2023-02-14
Leon,Gabrych,1986-01-17,LeGab@gmail.com,531126350,141,2021-07-01,209,2021-12-28
Malwina,Kobos,1986-03-28,MaKo@wp.pl,448740276,507,2021-07-06,210,2021-10-12
Rafał,Fronczyk,1968-01-15,RafaFronc79@wp.pl,843949753,189,2021-07-06,211,2023-04-27
Maks,Łuckiewicz,2007-01-02,MakŁu@gmail.com,792586245,342,2021-07-06,212,2022-05-30
Cyprian,Hak,1987-03-02,CyprHa@o2.pl,216528824,527,2021-07-07,213,2021-08-07
Ліза,Верховинець,1958-12-27,ЛізВерхов@gmail.com,678177402,574,2021-07-07,214,2023-03-06
Maksymilian,Gołek,1954-10-02,MaksymGoł@o2.pl,450410433,243,2021-07-08,215,2022-01-27
Григорій,Вернигора,1983-01-13,ГригорВер@gmail.com,454197885,15,2021-07-09,216,2022-03-21
Filip,Kuśka,1953-04-08,FiliKuśk83@gmail.com,102687333,159,2021-07-10,217,2022-10-13
Urszula,Mateusiak,1996-12-20,UrsMateusi@wp.pl,511883639,40,2021-07-10,218,2021-09-11
Michał,Sereda,1978-11-20,MicSe40@wp.pl,104224514,105,2021-07-12,219,2022-12-01
Aniela,Dylik,2003-12-23,AniDyl29@gmail.com,788439181,36,2021-07-12,220,2022-07-06
Elżbieta,Drop,1972-04-05,ElżbietDro73@wp.pl,852986306,3,2021-07-12,221,2022-05-08
Kornelia,Dawidek,2005-05-14,KornDawide88@live.com,420175822,83,2021-07-12,222,2022-02-24
Mateusz,Sobstyl,1966-03-26,MatSobsty24@o2.pl,962238602,123,2021-07-13,223,2022-05-08
Dagmara,Manista,1970-04-02,DagmaManis@o2.pl,419570905,518,2021-07-14,224,2022-01-18
Daniel,Jamrożek,1965-03-26,DaJamroż91@wp.pl,338011921,321,2021-07-16,225,2022-08-27
Tadeusz,Tomaszkiewicz,1944-11-19,TaToma70@live.com,989180339,589,2021-07-17,226,2022-02-11
Nicole,Gros,1997-11-15,NicoGro45@gmail.com,142887968,385,2021-07-17,227,2022-09-12
Malwina,Warchał,1951-04-02,MalWa83@gmail.com,664930066,472,2021-07-18,228,2021-11-21
Liwia,Jędruszczak,1988-02-09,LiwiJę2@live.com,745821983,269,2021-07-18,229,2022-08-22
Bruno,Hrynkiewicz,1953-12-01,BrHryn71@wp.pl,231926775,509,2021-07-19,230,2023-02-21
Radosław,Lada,1993-12-28,RadoLad38@gmail.com,940487586,133,2021-07-19,231,2021-08-31
Hubert,Sieja,1945-03-19,HuberSiej11@o2.pl,902377958,219,2021-07-19,232,2021-09-03
Aleks,Gołas,1949-02-23,AlekGoła47@wp.pl,982579488,374,2021-07-21,233,2023-05-31
Paweł,Engel,1954-11-24,PaweEn86@live.com,149635151,91,2021-07-23,234,2021-10-12
Emilie,Vávrová,1951-04-06,EmiliVáv14live.com,592848000,240,2021-07-24,235,2022-11-08
Norbert,Namysło,1986-10-10,NorNamy@wp.pl,574048563,586,2021-07-25,236,2022-11-23
Hanny,Junitz,1965-10-19,HaJun18@live.com,560595324,470,2021-07-26,237,2022-03-23
Antoni,Bazela,1945-07-11,AnBaze91@live.com,928544302,82,2021-07-27,238,2023-04-05
Julian,Bobko,1968-02-14,JuliaBob25@o2.pl,147156619,20,2021-07-27,239,2022-03-18
Danica,Gumprich,2002-11-24,DaGump89@gmail.com,661599803,445,2021-07-30,240,2021-12-26
Radosław,Cieciura,2008-11-14,RadCiec14@wp.pl,481969379,355,2021-07-31,241,2022-04-23
Tymoteusz,Fularczyk,1987-11-20,TymoteusFular@wp.pl,802195300,588,2021-08-01,242,2021-12-17
Tymon,Wojtalewicz,1969-05-09,TymoWo@wp.pl,208750821,218,2021-08-01,243,2022-02-03
Julian,Czubaszek,2002-07-06,JuCzub25@live.com,887830614,490,2021-08-01,244,2021-08-29
Michał,Rejek,1967-08-26,MichRe60@wp.pl,172169430,407,2021-08-02,245,2022-11-18
Rozalia,Araszkiewicz,1983-01-12,RoAraszkiew96@gmail.com,286755376,112,2021-08-03,246,2021-09-02
Norbert,Knieć,1977-07-02,NorbKnie78@o2.pl,826855728,473,2021-08-03,247,2022-07-13
Ewelina,Szeszko,2004-10-10,EweSze@wp.pl,835272687,416,2021-08-03,248,2022-12-13
Nela,Czak,1993-09-27,NelCz97@live.com,420678074,352,2021-08-04,249,2021-10-06
Cemil,Gorlitz,1976-03-05,CemGorl@gmail.com,452357849,308,2021-08-05,250,2022-11-19
Roksana,Miara,1954-06-25,RokMiar52@wp.pl,680539095,197,2021-08-05,251,2023-02-04
Marianna,Paszkowiak,1987-08-09,MarianPaszk29@gmail.com,140607295,51,2021-08-06,252,2023-06-09
Gertraud,Drewes,1969-07-23,GertrDre36@gmail.com,310429202,267,2021-08-08,253,2022-11-14
Gaja,Hermanowicz,1966-05-13,GajHer@o2.pl,771326712,50,2021-08-09,254,2023-02-25
Tomasz,Mrotek,1987-12-09,ToMrote0@wp.pl,758669507,249,2021-08-09,255,2023-05-04
Urszula,Fiedorczuk,1945-08-31,UrszFiedo46@o2.pl,808300255,129,2021-08-12,256,2021-11-01
Kornel,Budniak,2001-07-30,KorBudn89@live.com,261980130,200,2021-08-12,257,2023-02-13
Elżbieta,Noculak,1963-10-26,ElżbietNoc73@live.com,640498319,424,2021-08-13,258,2023-02-13
Rose-Marie,Bohlander,1945-07-06,Rose-MaBohlande@gmx.net,633124210,2,2021-08-14,259,2022-06-08
Łukasz,Tyczka,1946-05-09,ŁukTycz80@live.com,679688459,271,2021-08-16,260,2022-01-30
Anita,Cich,1967-02-07,AnitCic70@wp.pl,842938614,251,2021-08-17,261,2022-09-20
Sandra,Osipowicz,2003-02-03,SandrOsipowic@gmail.com,644768726,220,2021-08-18,262,2023-03-26
Róża,Hetmańczyk,1975-01-21,RóHetmań4@wp.pl,641197577,537,2021-08-19,263,2021-11-12
Nicole,Wacław,1943-09-27,NicoWacła@gmail.com,335319862,252,2021-08-20,264,2022-03-13
Rozalia,Kwinta,2005-08-12,RozaKwin@wp.pl,125305321,21,2021-08-20,265,2023-05-06
Stefan,Makosz,1970-09-14,StMako70@live.com,431507179,28,2021-08-20,266,2021-09-26
Filip,Stachewicz,1979-08-15,FilStache56@o2.pl,884004298,326,2021-08-20,267,2021-08-25
Malwina,Dyjach,1992-03-13,MaDy20@gmail.com,934274301,335,2021-08-21,268,2021-12-14
Bianka,Kałwak,1986-02-26,BiKał23@o2.pl,246324570,211,2021-08-22,269,2022-07-28
Kamil,Zieniewicz,1993-07-18,KaZi@live.com,624220798,247,2021-08-23,270,2021-09-01
Oliwier,Jaszczyszyn,1981-10-31,OlJaszczysz8@live.com,205824621,324,2021-08-24,271,2022-07-22
Agnieszka,Szpila,1950-01-10,AgniesSzpil25@gmail.com,707260072,117,2021-08-24,272,2021-12-04
Przemysław,Drost,1950-04-13,PrzeDros@gmail.com,389174420,361,2021-08-27,273,2022-09-23
Anastazja,Celuch,1944-12-12,AnastCelu25@wp.pl,844638931,111,2021-08-27,274,2021-09-25
Sandra,Wenda,1988-12-29,SaWen@gmail.com,839419019,35,2021-08-31,275,2022-10-19
Роман,Деревʼянко,1951-04-23,РоДерев75@live.com,157327828,188,2021-09-01,276,2022-11-16
Dagmara,Hanus,2006-12-17,DagmHa26@gmail.com,110077823,328,2021-09-02,277,2021-09-28
Damian,Drela,1997-02-28,DaDr49@live.com,388491600,515,2021-09-02,278,2021-09-16
Maks,Byzdra,1949-03-03,MakByzdr25@wp.pl,810762295,405,2021-09-02,279,2021-09-05
Karina,Gadzała,2000-09-06,KarinGadz98@gmail.com,147190888,4,2021-09-02,280,2022-11-11
Janina,Mzyk,1992-01-12,JaMz92@gmail.com,755478230,203,2021-09-02,281,2021-10-13
Sylwia,Czosnyka,1980-10-05,SylwCzosny@wp.pl,353065750,351,2021-09-05,282,2022-04-19
Aurelia,Paczos,1966-08-18,AurePaczo@gmail.com,775895252,120,2021-09-07,283,2022-01-17
Konstanty,Plak,1967-03-23,KonstaPl54@o2.pl,746029275,74,2021-09-07,284,2022-09-17
Karl-Heinz,Bolnbach,1977-07-04,Karl-HBo100@web.de,198738221,478,2021-09-08,285,2022-05-27
Apolonia,Frost,1988-09-06,ApFros49@live.com,944669090,68,2021-09-09,286,2022-08-04
Leon,Sajewicz,1951-12-14,LeSajewic0@o2.pl,536992984,64,2021-09-09,287,2022-09-15
Lenka,Kratochvílová,1972-06-15,LenKr54@gmail.com,552835515,95,2021-09-10,288,2022-09-01
Stanisław,Samol,1951-07-28,StaniSam60@o2.pl,612233608,523,2021-09-10,289,2023-02-20
Paweł,Stanclik,1954-04-03,PawSt79@o2.pl,516579968,376,2021-09-13,290,2022-03-21
Albert,Sura,1978-08-21,AlSu@live.com,181385544,590,2021-09-13,291,2021-11-08
Blanka,Bejma,1981-06-09,BlanBejm@gmail.com,497607957,305,2021-09-13,292,2022-11-22
Apolonia,Ciapa,1987-05-28,ApoloniCiap21@gmail.com,598895556,471,2021-09-15,293,2021-10-22
Mariusz,Kawulok,1965-04-11,MarKaw@wp.pl,683059397,297,2021-09-16,294,2022-05-16
Георгій,Непорожній,2000-01-24,ГеорНепор90@gmail.com,706828485,562,2021-09-17,295,2023-04-26
Janina,Komisarek,2001-11-02,JaninKom@live.com,229082672,457,2021-09-17,296,2023-02-18
Ryszard,Kość,1983-08-08,RyszarKo@live.com,869637918,580,2021-09-18,297,2022-08-20
Marie,Němcová,1959-04-19,MaNě82@gmail.com,216988559,146,2021-09-19,298,2021-11-19
Piotr,Świstek,1953-01-15,PioŚwis21@gmail.com,448791792,142,2021-09-19,299,2021-10-25
Dursun,Kabus,1964-07-22,DursuKab87@web.de,314030605,295,2021-09-20,300,2021-10-02
Damian,Block,2007-08-13,DaBl46@live.com,530333434,396,2021-09-20,301,2021-11-21
Julianna,Witaszek,1963-08-11,JulWit@o2.pl,762161898,165,2021-09-20,302,2022-01-23
Julianna,Wawrzyczek,1944-12-22,JulWawrzycz@live.com,155388683,39,2021-09-21,303,2021-10-16
René,Kučera,1964-12-31,ReKu@szn.cz,153990454,598,2021-09-22,304,2022-01-15
Gabriel,Wikło,1958-07-08,GabWikł61@gmail.com,744107176,500,2021-09-23,305,2022-06-03
Franz-Xaver,Hertrampf,1959-07-01,FraHertram@live.com,539779605,466,2021-09-24,306,2022-04-11
Ida,Pytko,1973-01-23,IdPyt88@o2.pl,234777510,65,2021-09-24,307,2023-01-16
Gunda,Wulf,1991-10-29,GuWul@gmx.net,563450549,54,2021-09-26,308,2022-01-26
Олександр,Засядько,1942-09-17,ОлексанЗася27@live.com,965704988,323,2021-09-27,309,2022-08-19
Radosław,Postawa,1985-12-16,RadoPo16@o2.pl,227057639,126,2021-09-28,310,2021-11-25
Dorota,Anders,1974-04-22,DorAnder15@live.com,912668040,398,2021-09-29,311,2022-03-13
Єва,Медведенко,1981-03-25,ЄвМедведен66@mail.ru,427911497,349,2021-09-29,312,2023-05-22
Lidia,Mironiuk,2007-05-24,LiMiron@live.com,306433124,283,2021-09-29,313,2022-11-06
Gaja,Wypiór,1969-09-10,GajWy3@gmail.com,488403317,268,2021-09-30,314,2022-06-21
Alan,Fabiańczyk,1963-11-09,AlaFabiańczy88@o2.pl,324310333,483,2021-10-04,315,2022-05-12
Iveta,Vlčková,1948-02-24,IveVlčkovlive.com,422160300,151,2021-10-05,316,2023-03-03
Wiktor,Chomiuk,1988-10-17,WiCh4@gmail.com,968260197,57,2021-10-06,317,2022-05-21
Одарка,Чорновіл,1951-04-27,ОдарЧор7@mail.ru,199195911,244,2021-10-06,318,2023-04-27
Piotr,Gosz,1983-02-18,PiGos27@live.com,952041406,399,2021-10-07,319,2022-07-04
Gaja,Cimoch,2004-09-28,GaCimoc@live.com,918286788,38,2021-10-07,320,2022-09-25
Kornelia,Sobkiewicz,1983-04-03,KorneliSobk30@gmail.com,314211455,536,2021-10-07,321,2021-12-31
Andrzej,Wawrzonek,1987-02-22,AndrzWawrzon19@wp.pl,227902715,484,2021-10-08,322,2021-11-27
Jacek,Wołoszczuk,2009-04-14,JaWoło12@live.com,330372227,332,2021-10-11,323,2022-12-09
Juliusz,Żbik,1968-04-02,JulŻbi78@gmail.com,704549296,143,2021-10-11,324,2022-04-04
Kornelia,Rogacz,1971-01-21,KornRog86@live.com,368008225,101,2021-10-14,325,2022-07-24
Dorota,Fidos,1952-07-22,DorFi@live.com,483249323,145,2021-10-16,326,2021-12-01
Ignacy,Kranc,1972-02-18,IgnaKran97@o2.pl,431240600,565,2021-10-18,327,2021-12-30
Dorota,Opyrchał,1984-02-17,DoOpy32@o2.pl,903486856,33,2021-10-19,328,2022-10-30
Nicole,Kalota,1958-11-26,NicoKalo50@gmail.com,520980982,337,2021-10-19,329,2022-11-20
Janina,Eckert,2010-05-01,JaEc@gmail.com,214102561,375,2021-10-20,330,2023-02-26
Kaja,Kuster,1995-06-02,KaKuste@gmail.com,968304491,591,2021-10-21,331,2022-10-18
Olga,Niebudek,1960-08-05,OlNi63@o2.pl,113341351,13,2021-10-22,332,2022-05-30
Ljubica,Kroker,1967-05-30,LjKro52@live.com,417703208,501,2021-10-23,333,2021-12-03
Olgierd,Haponiuk,1973-12-29,OlgiHaponiu@wp.pl,300060664,127,2021-10-23,334,2022-08-06
Lidia,Piechna,1979-12-17,LidiPiec@wp.pl,347063127,420,2021-10-26,335,2023-02-09
Роман,Ґоляш,2004-10-28,РомҐол@gmail.com,539019633,278,2021-10-27,336,2023-05-09
Borys,Wilma,1963-12-09,BoryWil10@live.com,378788864,23,2021-10-28,337,2022-07-31
Lidia,Pazik,2005-01-04,LiPa83@live.com,110304133,70,2021-10-29,338,2021-12-02
Ruthild,Pärtzelt,1944-05-05,RuthiPärtz@gmail.com,600755674,52,2021-10-31,339,2022-11-25
Klara,Grygo,1984-06-06,KlarGryg55@live.com,159223241,338,2021-10-31,340,2023-01-16
Kazimierz,Witas,1989-02-28,KazWit39@live.com,173693658,479,2021-11-01,341,2022-12-10
Piotr,Białasik,1962-09-23,PiotBiał43@gmail.com,110589243,558,2021-11-02,342,2021-12-07
Dagmara,Niebudek,1992-10-10,DaNi5@o2.pl,503256842,138,2021-11-04,343,2022-04-06
Michał,Hadała,1970-05-05,MiHadał@o2.pl,365943000,493,2021-11-05,344,2022-05-15
Sara,Klupś,1960-02-20,SarKlu68@o2.pl,768777924,47,2021-11-05,345,2023-02-13
Gert,Roht,1951-02-08,GerRoh@live.com,648917927,280,2021-11-07,346,2022-05-15
Jacek,Gendek,2005-10-08,JacGende@wp.pl,158928472,215,2021-11-07,347,2022-07-12
Olga,Kopyść,1954-04-24,OlKopyś32@live.com,467511581,417,2021-11-10,348,
Nela,Skowyra,1951-01-18,NeSkow12@live.com,513228345,336,2021-11-10,349,2023-02-27
Dorota,Irzyk,2001-05-29,DoIr@o2.pl,257858837,122,2021-11-15,350,2023-03-24
Willi,Roskoth,1992-10-09,WillRo32@gmail.com,359809390,242,2021-11-16,351,2022-03-27
Kazimierz,Bartman,1987-04-03,KazimieBartm@o2.pl,105276375,334,2021-11-16,352,2022-07-20
Демʼян,Дрозд,2006-04-18,ДемʼДроз61@gmail.com,455808171,25,2021-11-17,353,2023-01-17
Bianka,Korda,1996-06-09,BiKor@o2.pl,646692582,595,2021-11-17,354,2022-12-18
Ida,Juśkiewicz,1997-05-29,IdJuśkie97@live.com,441490401,276,2021-11-18,355,2021-12-31
Roksana,Namysło,1961-08-03,RoksanNamy@gmail.com,124598261,391,2021-11-18,356,2022-09-04
Witold,Bacia,1990-03-15,WitolBa@o2.pl,718219563,90,2021-11-20,357,2023-05-26
Олег,Щириця,2005-09-07,ОлеЩириц@mail.ru,346598488,174,2021-11-20,358,
Mariusz,Rykała,1946-07-16,MariusRykał45@o2.pl,836127615,71,2021-11-22,359,2022-10-23
Romuald,Radisch,1993-11-21,RomRad28@web.de,614780382,198,2021-11-22,360,2022-03-08
Емілія,Кармалюк,1966-06-25,ЕміліКармал@mail.ru,392729111,511,2021-11-23,361,2023-05-21
Astrid,Hornig,1968-02-08,AstHor@gmx.net,795218051,60,2021-11-27,362,2021-12-05
Eliza,Namysło,2004-08-10,ElNamys@live.com,956354428,410,2021-11-28,363,2022-05-26
Ryszard,Bartman,2000-06-19,RyszaBa@wp.pl,980576374,594,2021-11-29,364,2022-05-14
Miłosz,Hałka,1996-12-13,MiłHał28@live.com,800211967,158,2021-11-30,365,2022-09-09
Lidia,Makieła,2007-07-07,LiMaki@wp.pl,694262321,529,2021-12-02,366,2023-04-03
Sandra,Kielich,1947-03-11,SandrKielic91@o2.pl,186546375,394,2021-12-02,367,2022-01-17
Juliusz,Mirgos,1951-11-10,JuMirg0@wp.pl,406069377,177,2021-12-03,368,2023-05-21
Nikodem,Pachuta,2008-05-11,NiPach60@live.com,691810450,170,2021-12-06,369,2022-08-02
Aurelia,Hyjek,1956-11-20,AuHy57@wp.pl,577326461,388,2021-12-06,370,2022-01-23
Monika,Wiszowata,1994-11-27,MoniWiszo@gmail.com,423893334,463,2021-12-08,371,2022-06-15
Ida,Idec,1980-11-20,IdIde49@o2.pl,262120566,286,2021-12-08,372,2022-09-25
Gabriel,Lulek,2006-10-16,GabriLule39@wp.pl,223530091,181,2021-12-09,373,2023-03-30
Jacek,Płoskonka,2009-04-10,JaPłoskon@live.com,219073663,307,2021-12-09,374,2022-09-05
Wiktor,Listwan,1990-10-29,WiktListwa33@gmail.com,821048140,113,2021-12-09,375,2023-01-14
Sylwia,Jancewicz,1986-03-28,SylwiJan96@live.com,975119620,168,2021-12-10,376,2022-02-27
Lidia,Kopyt,1978-07-18,LiKopy15@live.com,935822148,553,2021-12-11,377,2022-04-06
Tymon,Prokopczyk,1973-06-02,TymoPro83@o2.pl,299177492,212,2021-12-11,378,2022-08-27
Anastazja,Kochel,1962-08-25,AnasKoch@wp.pl,317757236,180,2021-12-14,379,2022-10-05
Patryk,Śnieg,1945-06-05,PaŚn52@gmail.com,784259474,408,2021-12-15,380,2021-12-31
Saban,Barkholz,1949-08-22,SabaBar98@web.de,906343503,192,2021-12-15,381,2022-02-03
Concetta,Etzler,1954-04-17,ConEtz@web.de,381884948,10,2021-12-16,382,2022-06-14
Ada,Kiepura,1952-03-20,AdKiepu@wp.pl,509639513,593,2021-12-17,383,2022-08-10
Ida,Wenzel,1975-10-16,IdWenz@o2.pl,677629675,186,2021-12-17,384,2022-07-12
Igor,Nieroda,1992-04-29,IgNi94@gmail.com,408588245,300,2021-12-20,385,2022-02-25
Климент,Василенко,1999-09-03,КлимВасиленк72@gmail.com,196537896,152,2021-12-20,386,2022-03-24
Oskar,Feliksiak,1953-08-06,OskaFel22@live.com,600741250,546,2021-12-22,387,2022-10-08
Eliza,Pytko,1962-11-10,ElizPy35@live.com,960830491,379,2021-12-22,388,2022-06-13
Dorota,Kapinos,1962-11-08,DoroKapin52@live.com,242454105,284,2021-12-24,389,2023-03-30
Kamila,Grabias,1956-04-23,KaGrabia48@wp.pl,733198850,498,2021-12-25,390,2023-04-12
Liwia,Kycia,1969-11-08,LiwKyc82@gmail.com,220113188,584,2021-12-25,391,2022-01-06
Tymon,Kustosz,1977-03-27,TymKusto@live.com,821220667,304,2021-12-27,392,2023-05-28
Ida,Świerkot,1984-05-03,IdŚwi@wp.pl,133210200,183,2021-12-28,393,2023-02-27
Inga,Szulczyk,1979-02-18,IngSzul58@o2.pl,738968516,510,2021-12-28,394,2023-02-08
Орина,Наливайко,2007-01-30,ОрНали31@live.com,217768992,564,2021-12-30,395,2023-04-21
Filip,Gęgotek,1950-03-18,FiliGęg96@gmail.com,146687855,119,2022-01-03,396,2022-12-02
Rafał,Jajko,1967-10-28,RafJajk59@wp.pl,641042479,296,2022-01-04,397,2022-10-27
Микита,Теличенко,1961-10-28,МиТели@live.com,193107448,32,2022-01-04,398,2022-03-16
Rüdiger,Rudolph,1980-04-20,RüRu17@gmx.net,326807632,415,2022-01-05,399,2022-07-17
Надія,Ватаманюк,2000-01-13,НаВата49@gmail.com,315411092,314,2022-01-05,400,2022-07-26
Tymoteusz,Saj,1956-10-17,TymoteuSa@wp.pl,731717148,144,2022-01-07,401,2023-04-03
Marek,Glazik,1966-04-04,MareGlazi35@wp.pl,193968735,543,2022-01-07,402,2023-02-12
Kalina,Adamaszek,1955-01-15,KalAd@live.com,809115216,107,2022-01-07,403,2023-03-04
Dawid,Urynowicz,1977-10-10,DaUryn88@gmail.com,664606599,531,2022-01-08,404,2023-05-07
Liwia,Mijas,1995-03-16,LiwMi52@o2.pl,230703146,459,2022-01-10,405,2022-05-16
Bartek,Ciastek,1966-04-03,BarCia@live.com,861609670,116,2022-01-13,406,2023-05-06
Tadeusz,Brygoła,2006-05-25,TadeusBr@o2.pl,790665236,80,2022-01-13,407,2022-06-01
Inga,Pysz,1967-06-04,IngPy@o2.pl,340626616,169,2022-01-13,408,2023-05-28
Марія,Сацюк,1953-07-17,МаСацю@mail.ru,381452605,263,2022-01-14,409,2023-03-30
Błażej,Pyś,2004-06-19,BłaPy61@live.com,164245865,102,2022-01-16,410,2023-05-07
Borys,Garczarek,1968-06-07,BoGarcza42@o2.pl,502472377,579,2022-01-17,411,2022-08-29
Denisa,Vaňková,2001-08-03,DenVaňko@szn.cz,751838797,136,2022-01-18,412,2022-06-27
Juliusz,Tyka,1986-06-07,JuliuTyk@o2.pl,798127657,77,2022-01-20,413,2022-07-20
Brigitte,Henschel,1979-04-11,BrigitHensc22@live.com,295051092,182,2022-01-21,414,2022-01-28
Julianna,Dybaś,1982-01-13,JulDy@gmail.com,659416300,468,2022-01-24,415,2022-12-26
Adrianna,Pielach,1984-01-03,AdPi@gmail.com,474819614,347,2022-01-24,416,2022-09-29
Rafał,Szywała,1960-10-03,RaSzy@gmail.com,247919862,428,2022-01-28,417,2022-02-15
Janna,Fechner,1965-03-15,JanFechne50@gmail.com,767518847,503,2022-01-28,418,2022-09-18
Stefan,Kurpisz,1966-01-17,SteKur@wp.pl,271266490,456,2022-01-30,419,2022-06-16
Nataniel,Martin,1983-01-21,NataniMa@wp.pl,707788997,444,2022-02-01,420,2023-06-09
Dorina,Lindner,2002-02-01,DoriLindn@web.de,993725706,246,2022-02-02,421,2023-06-03
Maciej,Wołoszczuk,1985-04-15,MacieWo40@o2.pl,786124881,53,2022-02-05,422,2023-01-30
Oliwier,Bender,1951-03-05,OlBen@o2.pl,992852595,94,2022-02-06,423,2022-08-10
Wiktor,Gołas,2008-12-29,WiktGoł82@live.com,157817310,41,2022-02-06,424,2022-05-20
Ryszard,Pal,2006-10-16,RyszPa82@o2.pl,466504453,464,2022-02-07,425,2023-03-25
Sandra,Wołodźko,2007-09-12,SandWołodźk9@live.com,254798447,264,2022-02-08,426,2022-08-30
Adrianna,Mizia,1981-02-13,AdrianMiz76@o2.pl,888259706,214,2022-02-09,427,2023-05-30
Anita,Waloszek,1994-02-27,AnWal63@wp.pl,485622267,482,2022-02-15,428,2022-12-12
Marek,Lamch,1977-05-22,MareLam@wp.pl,945105196,176,2022-02-16,429,2023-03-14
Tadeusz,Cofała,1989-07-22,TadCo5@gmail.com,645140077,253,2022-02-19,430,2022-10-11
Leon,Wisz,1948-06-24,LeWis92@gmail.com,955038002,339,2022-02-21,431,2022-11-16
Rafał,Chomiuk,1974-12-17,RaChomiu31@wp.pl,146390912,455,2022-02-24,432,2022-08-11
Marek,Seta,1945-12-18,MarSe@live.com,284290796,132,2022-02-24,433,2023-04-22
Marianna,Dobrosz,1990-03-13,MariaDobro@o2.pl,265583179,56,2022-02-25,434,2022-07-25
Katarzyna,Weitzel,1977-09-02,KaWe2@gmail.com,115591784,530,2022-02-25,435,2022-07-23
Adrian,Rawa,1963-10-28,AdriRa16@wp.pl,892042487,250,2022-02-25,436,2022-06-13
Natasza,Barcz,1954-07-14,NaBarc@wp.pl,267100659,370,2022-02-26,437,2022-04-16
Ewa,Szmuc,1960-08-13,EwSz88@wp.pl,893885432,560,2022-02-26,438,2022-03-06
Аліна,Черінько,1955-09-07,АлЧе70@live.com,717840613,372,2022-02-27,439,2023-03-28
Monika,Johann,1954-03-21,MoniJo70@web.de,604565809,273,2022-02-27,440,2022-05-18
Łukasz,Kosno,1961-02-23,ŁukasKosn@live.com,924364976,462,2022-03-02,441,2023-06-08
Janina,Kurzyna,1991-01-21,JaniKurzyn@live.com,634792570,184,2022-03-02,442,2023-01-28
Rozalia,Borkowicz,2003-11-22,RozaliBor@gmail.com,320984889,140,2022-03-03,443,2022-12-17
Ірина,Шелест,1945-11-16,ІринШелес77@gmail.com,584971720,350,2022-03-06,444,2023-05-27
Dominik,Łój,1970-05-26,DomiŁó16@wp.pl,288120906,208,2022-03-10,445,2023-03-03
Sebastian,Rolak,1968-06-01,SebasRo77@live.com,356158415,365,2022-03-12,446,2022-04-08
Malwina,Rodzeń,1943-06-12,MaRodze@gmail.com,935739974,448,2022-03-16,447,2023-04-13
Kaja,Bancerz,1975-01-21,KajBancer@gmail.com,476587818,204,2022-03-16,448,2022-06-29
Urszula,Horbacz,2006-02-17,UrszuHorb13@live.com,453111822,150,2022-03-17,449,2022-11-17
Maksymilian,Buszko,1978-02-24,MaksymiliBuszk1@live.com,614904440,437,2022-03-18,450,2022-07-17
Dorota,Sugier,1975-03-13,DorSug3@gmail.com,656571055,58,2022-03-18,451,2022-07-18
Dominik,Wita,1959-07-30,DominiWi@wp.pl,447540387,367,2022-03-19,452,2022-09-22
Ewelina,Karmelita,1966-08-27,EwelinKarmeli5@o2.pl,297225904,341,2022-03-20,453,2023-01-31
Marek,Štěpánek,1947-02-10,MareŠtěpá88live.com,445401196,154,2022-03-21,454,2022-05-15
Bartek,Chudoba,1955-04-04,BarCh39@wp.pl,470465177,569,2022-03-21,455,2022-05-26
Emil,Gierach,2001-08-01,EmGierac@gmail.com,962243732,519,2022-03-22,456,2023-01-18
Klara,Zegadło,1967-12-26,KlaZe@o2.pl,943359727,369,2022-03-26,457,2022-12-08
Roksana,Nocek,1953-04-12,RoNoc4@o2.pl,865445649,42,2022-03-26,458,2022-04-04
Ірина,Матвієнко,1958-01-15,ІрМа@gmail.com,387188337,532,2022-03-30,459,2022-10-04
Gustaw,Bodych,1953-08-12,GustaBodyc57@gmail.com,635430109,496,2022-04-02,460,2022-07-28
Heini,Hesse,1971-10-22,HeiHe@gmail.com,154196077,570,2022-04-04,461,2022-10-14
Kacper,Betlej,1986-06-19,KaBet@gmail.com,945390828,5,2022-04-04,462,2022-08-16
Marek,Pokorný,1954-11-19,MarePoko@szn.cz,530088506,429,2022-04-06,463,2022-06-28
Франц,Андрієвич,1951-12-21,ФрАндріє@gmail.com,947833531,526,2022-04-08,464,2023-03-18
Olga,Gieroń,1965-08-04,OlGiero@wp.pl,525980587,309,2022-04-10,465,2023-01-23
Fryderyk,Oleksak,1976-09-23,FryOlek19@wp.pl,653753299,261,2022-04-16,466,2023-05-12
Cezary,Makles,1962-07-07,CezarMakle52@wp.pl,532421645,232,2022-04-17,467,2022-12-26
Tola,Starzak,2008-10-14,TolSta57@o2.pl,969182796,406,2022-04-18,468,2022-12-25
Adrianna,Zaucha,1985-03-31,AdrZauc@wp.pl,482447909,282,2022-04-18,469,2022-04-23
Marika,Kurpisz,2005-03-06,MaKurp@wp.pl,255083558,156,2022-04-23,470,2022-05-18
Tomasz,Kielich,1989-09-22,ToKiel@wp.pl,540042918,436,2022-04-26,471,2023-04-04
Maciej,Zaucha,2001-10-04,MaciZau41@gmail.com,731935388,103,2022-05-01,472,2023-06-09
Borys,Żółtek,1987-08-07,BorŻółte@live.com,957308716,317,2022-05-01,473,2023-01-30
Karl Heinz,Jäntsch,1969-01-10,KarJänt@gmail.com,448209664,190,2022-05-02,474,2022-05-27
Ksawery,Bartocha,1999-08-31,KsawerBar@wp.pl,776753909,238,2022-05-06,475,2023-02-11
Sonia,Olchawa,1976-03-10,SoniOlc@o2.pl,583821913,81,2022-05-07,476,2023-03-27
Софія,Щербань,1990-11-25,СоЩе37@mail.ru,739993906,73,2022-05-07,477,2023-05-18
Igor,Knieć,2007-08-06,IgoKn3@gmail.com,490357850,256,2022-05-07,478,2022-12-14
Hubert,Jakóbiak,1955-07-13,HuJakóbia23@live.com,301630098,187,2022-05-08,479,2023-03-10
Łukasz,Dziadkowiec,1949-04-14,ŁukaDzia23@wp.pl,995000214,316,2022-05-10,480,2023-02-18
Arkadiusz,Karpeta,1990-12-13,ArKarpet27@o2.pl,904244281,465,2022-05-10,481,2022-09-03
Natasza,Cyrek,1943-11-07,NataCyre@live.com,236022325,227,2022-05-12,482,2023-02-06
Karina,Duniec,2009-07-22,KaDuni@o2.pl,813179750,480,2022-05-13,483,2023-05-09
Maurycy,Gmur,1971-01-04,MaurycGmu89@live.com,768355688,397,2022-05-14,484,2022-10-01
Roksana,Pioch,1985-11-12,RoksPio10@wp.pl,109143807,567,2022-05-14,485,2022-07-31
Maurycy,Laszczyk,1987-10-14,MaurLaszc@live.com,678017971,236,2022-05-16,486,2023-04-27
Justyna,Fijałek,1994-02-24,JusFijał20@gmail.com,654964752,443,2022-05-17,487,2023-06-12
Петро,Артюх,1946-06-19,ПеАртю8@gmail.com,735728512,582,2022-05-17,488,2022-08-21
Jacek,Heczko,1968-01-05,JacHe81@o2.pl,392861662,561,2022-05-20,489,2023-04-22
Aleksander,Dymarczyk,2009-04-17,AleksaDymarcz67@live.com,709179741,494,2022-05-21,490,
Sandra,Zielke,1997-04-04,SandrZie@live.com,385039808,439,2022-05-22,491,2022-09-26
Arnim,Jacobi Jäckel,1983-05-05,ArnJa@live.com,664787614,179,2022-05-27,492,2022-11-23
Aleksander,Fidos,1984-10-04,AleksanFi86@wp.pl,567110744,421,2022-05-30,493,
Marek,Hallmann,1966-10-04,MaHa@gmail.com,610447947,31,2022-05-30,494,2023-04-09
Tymon,Kałek,1974-12-22,TyKałe@live.com,710245891,96,2022-05-30,495,2022-08-10
Paweł,Bracha,1978-12-19,PaBr72@live.com,286750605,262,2022-06-01,496,2023-03-11
Ewa,Kazubek,1993-03-07,EwKazub49@gmail.com,753460436,412,2022-06-01,497,2022-08-09
Karina,Langiewicz,1996-08-13,KariLangie@o2.pl,868421619,277,2022-06-04,498,2022-10-10
Horst-Dieter,Scholz,1965-05-14,Horst-DScho37@web.de,831525217,533,2022-06-05,499,2022-07-28
Oliwier,Pik,1945-09-03,OliwiePi41@wp.pl,964573006,210,2022-06-05,500,2022-12-16
Сніжана,Чумак,1947-04-17,СніжаЧум@gmail.com,753365406,427,2022-06-11,501,2022-08-15
Klara,Ufnal,1980-08-26,KlarUf@wp.pl,452741100,299,2022-06-12,502,2022-08-23
Sylwia,Przewoźnik,1957-02-12,SylwPrze83@wp.pl,700715692,167,2022-06-12,503,2022-09-14
Rozalia,Kopik,1951-07-30,RozaKopi40@gmail.com,596834298,368,2022-06-14,504,2023-04-16
Fabian,Chatys,1997-05-28,FaChat@o2.pl,210959388,467,2022-06-14,505,2023-06-01
Andrzej,Kwak,1979-02-25,AndrzeKwa20@live.com,992383985,329,2022-06-15,506,2023-01-05
Bianka,Szram,2009-07-10,BiankSzr78@o2.pl,332081397,440,2022-06-16,507,2023-03-21
Kalina,Szarejko,1991-04-09,KalinSza@o2.pl,736040833,223,2022-06-19,508,2023-01-25
Sebastian,Leszkiewicz,2009-07-07,SebLesz89@wp.pl,915894059,85,2022-06-19,509,2022-12-31
Róża,Frącz,1943-04-24,RóFrą@o2.pl,978731787,386,2022-06-22,510,2022-09-22
Jędrzej,Kwapień,1946-01-27,JędrzKwap@wp.pl,580692261,312,2022-06-22,511,2023-02-06
Ada,Syroka,1985-02-03,AdSyrok@gmail.com,252508690,418,2022-06-24,512,2022-12-16
Marianna,Korbut,1991-02-26,MaKorb95@live.com,480737549,516,2022-06-24,513,2022-10-17
Natasza,Chojna,1944-11-29,NatasCho76@gmail.com,153039240,522,2022-06-25,514,2022-09-05
Julita,Gogacz,1980-01-03,JulGoga@live.com,882473387,92,2022-07-01,515,2022-11-22
Karol,Szachniewicz,2010-06-08,KaroSza48@wp.pl,569409467,474,2022-07-02,516,2022-09-16
Iwo,Kokosza,1984-06-01,IwKo@o2.pl,682775894,556,2022-07-04,517,2023-06-02
Юстим,Джунь,1954-07-09,ЮстиДжун85@mail.ru,364200543,318,2022-07-05,518,2023-03-12
Julianna,Kuncewicz,2010-05-22,JulKuncewic@wp.pl,348393165,426,2022-07-09,519,
Patryk,Trepka,1946-12-26,PatryTrepk84@gmail.com,503988212,549,2022-07-09,520,2022-12-24
Manja,Ortmann,1959-05-18,MaOr3@gmail.com,722612444,171,2022-07-13,521,2022-10-11
Ksawery,Jaszczyszyn,1985-05-04,KsJas99@o2.pl,262022611,274,2022-07-16,522,2022-09-25
Nick,Buchholz,2001-03-01,NiBu60@gmail.com,468622299,217,2022-07-17,523,2023-05-26
Ліза,Приймак,1957-03-20,ЛіПрийма89@gmail.com,326831294,6,2022-07-17,524,2023-03-28
Sara,Krauza,1951-01-29,SarKrau88@wp.pl,389933153,404,2022-07-19,525,2023-02-03
Fryderyk,Kral,1983-08-04,FryKra38@wp.pl,623146574,55,2022-07-20,526,2022-12-27
Andrzej,Myga,1943-09-25,AndrMyg19@live.com,989814108,221,2022-07-22,527,2023-02-07
Eliza,Kaluga,1970-04-04,ElKal71@wp.pl,208578978,387,2022-07-23,528,2022-08-23
Julita,Kargol,1972-05-10,JuliKargo32@wp.pl,253188356,505,2022-07-23,529,2022-12-18
Olga,Kaczka,1956-07-27,OlKacz64@live.com,956989120,583,2022-07-24,530,2022-08-17
Magdalena,Novotná,1986-06-20,MagdalenNovot@gmail.com,208503942,275,2022-07-26,531,2022-09-16
Konstanty,Sawko,1999-02-26,KoSawk@live.com,785606057,495,2022-07-29,532,
Пріска,Макаренко,1945-11-26,ПріскМакаренк@live.com,426119128,599,2022-07-29,533,2022-08-23
Cäcilia,Scheel,1988-12-31,CäSc92@gmx.net,320810271,206,2022-07-31,534,2023-05-24
Ewelina,Wiciak,1981-01-14,EwelWicia@wp.pl,854203602,450,2022-08-02,535,
Gabriel,Sawko,1973-11-30,GabriSa@gmail.com,855708120,414,2022-08-06,536,2023-02-28
Arkadiusz,Krzywonos,1956-09-06,ArkaKrzy@o2.pl,179983475,7,2022-08-07,537,2023-03-30
Wojciech,Gołek,1986-06-27,WojcGo74@wp.pl,171247279,362,2022-08-08,538,2022-12-10
Валентина,Рябошапка,1986-06-13,ВаРябошап98@live.com,917466432,403,2022-08-12,539,2022-11-25
Ada,Sroga,1987-06-27,AdSro77@o2.pl,736860740,392,2022-08-13,540,
Aurelia,Gal,1947-07-17,AuGa39@live.com,113531321,458,2022-08-13,541,2023-01-28
Ida,Szyc,1949-12-25,IdSz57@gmail.com,600472235,148,2022-08-18,542,2023-01-12
Розалія,Юрченко,1980-01-09,РозаліЮр30@live.com,377779622,61,2022-08-18,543,2023-04-02
Jeremi,Czubaszek,1951-04-19,JerCzuba82@live.com,556477779,97,2022-08-19,544,2023-04-29
Oliwier,Kuk,1984-12-09,OliKu@wp.pl,823377962,216,2022-08-22,545,2022-12-27
Богуслава,Іващенко,1971-05-14,БогуслІващен68@mail.ru,421435927,348,2022-08-27,546,2022-11-07
Sara,Bacia,1955-04-01,SarBaci@wp.pl,939773189,237,2022-08-28,547,2023-05-10
Іван,Габелко,1953-02-05,ІвГабел@live.com,901531724,213,2022-09-03,548,2023-06-10
Marcel,Młocek,2003-03-28,MarcMło@live.com,609216986,17,2022-09-07,549,2022-12-14
Ewelina,Hajder,1967-11-11,EwelHajde@o2.pl,604187219,137,2022-09-08,550,
Павло,Александренко,1990-11-11,ПаАле81@live.com,812785127,514,2022-09-09,551,2023-02-08
Piotr,Wacławiak,1997-06-04,PiotWacław92@o2.pl,612828090,461,2022-09-10,552,2023-05-05
Patryk,Michalczak,1991-05-08,PaMich70@gmail.com,265595264,354,2022-09-12,553,
Malwina,Hrabia,1981-09-29,MaHrabi@wp.pl,922025380,390,2022-09-15,554,2023-02-09
Horst-Dieter,Trüb,1960-08-20,Horst-DieTrü@gmx.net,467928350,592,2022-09-15,555,
Gertraude,Hein,1984-01-26,GerHei40@live.com,450463188,425,2022-09-16,556,2022-10-29
Karol,Żelasko,1963-12-15,KaroŻel29@gmail.com,620400287,248,2022-09-21,557,2023-02-12
Adrian,Biesek,1966-01-11,AdBies@wp.pl,129248653,27,2022-09-25,558,
Aniela,Kopiczko,1964-07-07,AniKopicz31@live.com,957558585,272,2022-09-26,559,2022-11-30
Sonia,Zadora,1953-06-03,SonZado@live.com,111629234,191,2022-09-30,560,
Wojciech,Kopciuch,2010-01-19,WoKopc@wp.pl,766515955,356,2022-10-02,561,
Bruno,Beker,1994-07-03,BruBeke@wp.pl,964377849,175,2022-10-04,562,2023-02-10
Malwina,Danel,1974-10-27,MaDa90@o2.pl,678233285,544,2022-10-06,563,2023-05-11
Karina,Sondej,1990-07-11,KarSon@wp.pl,389938073,178,2022-10-13,564,2023-03-02
Urszula,Ślimak,1972-01-08,UrŚlim@o2.pl,549897129,157,2022-10-14,565,2023-03-05
Olga,Kurzaj,1992-08-13,OlKur65@wp.pl,379872705,16,2022-10-14,566,2022-11-13
Sonia,Stój,1953-08-04,SoSt@wp.pl,102480228,520,2022-10-19,567,
Patryk,Majtyka,1955-03-18,PatMa30@gmail.com,546301034,166,2022-10-29,568,2022-12-24
Wiktor,Sass,1981-10-25,WikSa62@o2.pl,213609673,331,2022-10-30,569,2023-02-18
Stanisław,Gęgotek,1964-05-02,StanisłaGę26@live.com,718826825,506,2022-10-31,570,
Vojtěch,Čermák,2009-09-21,VojtěČerm70live.com,468130426,292,2022-10-31,571,
Klara,Bździuch,1944-02-17,KlaBźd19@o2.pl,109820977,451,2022-10-31,572,2022-12-10
Julian,Zdziech,1986-03-20,JuliZdzi13@o2.pl,809730755,303,2022-11-01,573,2022-12-03
Ада,Авдєєнко,1963-03-09,АдАвд69@gmail.com,437247668,294,2022-11-01,574,2022-12-01
Alex,Foit,1972-07-20,AlFo90@o2.pl,921732374,524,2022-11-01,575,2023-02-19
Марина,Чумаченко,1989-02-04,МаЧум37@gmail.com,300652248,66,2022-11-04,576,2023-06-02
Roksana,Gosz,1971-09-30,RoksGo@o2.pl,249928404,383,2022-11-10,577,
Rozalia,Brózda,2009-02-04,RozBrózd71@live.com,845372494,319,2022-11-11,578,
Stanisław,Romejko,1993-03-10,StanisłRo14@wp.pl,977671535,380,2022-11-15,579,
Blanka,Posłuszny,2009-04-04,BlankPosłu@o2.pl,595521201,194,2022-11-19,580,
Dagmara,Ochota,1965-07-04,DagOcho@gmail.com,766617506,502,2022-11-23,581,2023-05-08
Kamil,Połom,1945-01-31,KamPo76@o2.pl,941274805,581,2022-11-27,582,
Roksana,Żurawik,1969-03-06,RoksŻur61@o2.pl,261048390,109,2022-12-02,583,
Julita,Gierek,1944-06-16,JuGi@o2.pl,279094643,577,2022-12-11,584,
Damian,Bronka,1957-07-04,DamiaBro97@gmail.com,692011133,357,2022-12-28,585,
Natasza,Ryczko,1998-12-08,NataRyc@live.com,494625814,18,2023-01-02,586,2023-02-06
Ewelina,Związek,1949-09-19,EweZwiąze@live.com,613871008,72,2023-01-04,587,
Eliza,Gral,1949-03-01,ElizGr41@live.com,773508736,239,2023-01-11,588,
Maurycy,Brudny,1981-07-19,MaurBru80@wp.pl,135468386,485,2023-01-11,589,
Grzegorz,Rycerz,1967-05-12,GrzRyc23@live.com,839333649,241,2023-01-17,590,
Magda,Klingelhöfer,1994-12-28,MagdKli74@gmx.net,831986105,525,2023-01-31,591,
Dominik,Wylegała,1985-07-24,DoWyle@live.com,153018086,9,2023-02-01,592,
Еріка,Абраменко,2005-08-19,ЕріАб54@gmail.com,257975826,75,2023-02-05,593,
Karol,Tałaj,1958-07-18,KaroTał0@live.com,230941419,207,2023-02-08,594,
Emil,Botor,1965-03-23,EmBot54@live.com,759867844,63,2023-02-09,595,
Marcel,Cheba,1949-04-16,MarcChe70@o2.pl,273197986,29,2023-02-23,596,
Romuald,Lorch,1995-09-30,RomuLo@web.de,737284237,382,2023-02-28,597,
Rafał,Danisz,1990-08-20,RafDan46@o2.pl,477272520,46,2023-03-13,598,
Blanka,Mueller,1996-08-04,BlankMuelle@gmail.com,739202265,130,2023-03-17,599,
Julian,Skalik,1999-10-25,JuliSk3@o2.pl,243173891,535,2023-05-09,600,
