first_name,last_name,birthdate,email,phone,address_id,registration_date,customer_id,VIP
Albertine,Davids,1973-08-30,AlDav26@gmx.net,759841551,58,2021-01-04,1,2022-04-06
Maksymilian,Maślach,1995-05-25,MakMaśl15@wp.pl,423332912,196,2021-01-04,2,2021-02-09
Paweł,Uzar,1960-08-06,PawUza55@gmail.com,478186672,474,2021-01-04,3,2021-03-25
Ida,Lenarcik,1999-09-15,IdLen@o2.pl,529918581,21,2021-01-04,4,2021-05-23
Aniela,Gołofit,1950-08-05,AnielGołof@wp.pl,796489097,134,2021-01-04,5,2021-01-21
Bianka,Klamka,1968-01-09,BiankKlamk@live.com,186599980,99,2021-01-04,6,2022-08-19
Dagmara,Fraszczyk,1984-08-28,DagFr6@live.com,843611614,223,2021-01-04,7,2022-03-26
Kalina,Sutor,1968-08-15,KalSu3@gmail.com,792944889,152,2021-01-04,8,2021-08-21
Ida,Trąbka,1944-11-16,IdTrą@o2.pl,428270131,487,2021-01-04,9,2022-12-11
Konrad,Tusk,1944-02-17,KonraTu@wp.pl,319301093,156,2021-01-04,10,2021-05-08
Apolonia,Cieciora,1953-08-18,ApoCie56@gmail.com,429943852,576,2021-01-04,11,2021-10-27
Василина,Іванченко,1946-09-09,ВаІванчен72@gmail.com,181128809,218,2021-01-04,12,2021-04-07
Karina,Buchholz,2001-08-05,KarinBuchhol@o2.pl,252697746,350,2021-01-04,13,2021-02-15
Silke,Jopich,1971-04-18,SilkJopi@live.com,303793437,316,2021-01-04,14,2022-08-12
Клавдія,Рябошапка,1947-12-01,КлавдРябоша@mail.ru,885379675,543,2021-01-04,15,2022-09-04
Konrad,Wrześniak,1965-11-20,KonWr33@live.com,359345623,239,2021-01-05,16,2022-10-23
Аліна,Щорс,1960-11-28,АлЩор@mail.ru,798163481,451,2021-01-05,17,2021-04-26
Michał,Klupś,1982-01-31,MicKlup97@wp.pl,826074855,273,2021-01-05,18,2023-03-15
Cezary,Ograbek,1975-11-06,CezOg@live.com,363351189,7,2021-01-05,19,2021-03-19
Róża,Sydor,2010-04-28,RóSy@live.com,921550701,574,2021-01-05,20,2021-06-10
Nicole,Kozaczuk,1997-07-10,NicoKozacz87@gmail.com,485063432,442,2021-01-05,21,2021-08-08
Anastazja,Moneta,1981-12-23,AnMo@wp.pl,994722217,446,2021-01-05,22,2021-03-18
Євген,Іващенко,1999-07-08,ЄвгеІва@live.com,229536323,478,2021-01-05,23,2021-09-16
Aurelia,Sasak,1944-11-26,AurSa46@wp.pl,447272163,199,2021-01-05,24,2021-03-28
Robert,Halama,1984-08-30,RoHala@o2.pl,509174650,206,2021-01-05,25,2023-04-23
Róża,Olszyna,2003-05-19,RóżOlszyn5@o2.pl,989944445,372,2021-01-05,26,2023-04-22
Cezary,Grzywnowicz,1949-04-07,CezarGrzywn15@live.com,562266293,462,2021-01-05,27,2022-05-18
Olga,Smyl,1979-07-03,OlSm78@o2.pl,373275099,428,2021-01-06,28,2021-05-25
Bianka,Prażuch,1989-01-03,BiPrażuc1@o2.pl,283672981,185,2021-01-06,29,2023-02-13
Alex,Janiuk,1958-03-28,AlJani@live.com,254956751,338,2021-01-06,30,2021-02-12
Mieszko,Borkowicz,2009-01-14,MiesBor@o2.pl,191433458,531,2021-01-06,31,2022-09-12
Arkadiusz,Glegoła,1973-10-15,ArGlegoł@gmail.com,625820259,488,2021-01-06,32,2021-04-22
Paweł,Rurka,1967-10-23,PawRurk@live.com,398724159,36,2021-01-06,33,2023-02-23
Borys,Pastucha,1990-01-26,BoryPastu@live.com,809694194,529,2021-01-07,34,2021-07-19
Ján,Říha,2004-12-06,JáŘíh@gmail.com,325027441,125,2021-01-07,35,2022-06-22
Bruno,Drewes,1994-01-09,BruDre66@live.com,285804754,359,2021-01-08,36,2021-04-01
Anne,Wernecke,1948-06-22,AnWerne62@live.com,902174305,383,2021-01-09,37,2022-03-25
Julian,Wlaźlak,1979-10-07,JulWl@live.com,675957060,461,2021-01-09,38,2021-12-30
Veronica,Wulf,1998-11-29,VeronicWu@gmail.com,379297105,172,2021-01-10,39,2021-06-03
Tobiasz,Brejnak,1993-03-27,TobiasBrejn@wp.pl,200713131,320,2021-01-11,40,2021-07-28
Anita,Cabała,1946-06-07,AnitCab44@gmail.com,134367523,449,2021-01-12,41,2021-03-10
Julita,Rzeszut,1977-06-16,JuRzes88@wp.pl,991837766,482,2021-01-12,42,2022-08-25
Kalina,Jakimiak,1973-12-02,KalJak@gmail.com,853031715,20,2021-01-12,43,2021-03-09
Дарина,Вітрук,1978-11-03,ДарВі56@live.com,397969367,589,2021-01-13,44,2022-04-23
Natan,Leks,1986-01-17,NataLek@o2.pl,485778518,406,2021-01-13,45,2022-10-24
Леонтій,Артим,1949-11-05,ЛеАрт96@mail.ru,275579903,16,2021-01-14,46,2022-03-26
Liwia,Koniecko,1960-06-14,LiwiKo@o2.pl,424781324,345,2021-01-15,47,2023-01-01
Szymon,Kapciak,1951-03-22,SzKapc@o2.pl,733030478,506,2021-01-15,48,2021-01-20
Святослава,Романчук,1968-06-10,СвРоманч74@gmail.com,466624636,590,2021-01-15,49,2021-03-05
Nela,Głowienka,1995-04-11,NelGłowie8@wp.pl,476526963,412,2021-01-17,50,2022-11-11
Oliwier,Juśkiewicz,1984-03-17,OlJuśkie69@gmail.com,521449647,221,2021-01-20,51,2021-02-13
Bianka,Chachaj,1956-08-06,BiCha@o2.pl,715694805,224,2021-01-20,52,2022-07-04
Vít,Němec,1965-10-14,VíNěme@szn.cz,948105214,299,2021-01-21,53,2022-07-09
Jacek,Drop,1955-11-29,JaceDro76@wp.pl,592221146,491,2021-01-22,54,2021-09-20
Nela,Mašková,2006-02-03,NelMalive.com,304371662,78,2021-01-23,55,2023-06-09
Karina,Białczyk,1989-05-06,KarinBia@o2.pl,464774456,496,2021-01-24,56,2021-02-10
Julita,Stoltmann,2001-06-08,JuStoltm51@gmail.com,416311060,444,2021-01-24,57,2021-08-11
Antonino,Wilmsen,1961-05-06,AnWilmse9@gmx.net,192141182,454,2021-01-25,58,2021-07-08
Borys,Mądrzyk,1968-01-15,BoMądrz20@gmail.com,482425177,79,2021-01-26,59,2021-10-03
Krystyna,Bitner,1976-02-26,KrystynBitn7@wp.pl,421011566,411,2021-01-26,60,2021-08-27
Alan,Duchnik,1958-04-21,AlDuc18@gmail.com,338817631,100,2021-01-26,61,2021-03-07
Daniel,Damek,1985-07-31,DanDam@wp.pl,415222217,498,2021-01-27,62,2022-10-05
Angelika,Grycz,1985-05-26,AngeliGryc64@wp.pl,533083696,418,2021-01-29,63,2022-03-23
Августин,Чуйко,1947-08-24,АвгустЧуй@gmail.com,653051552,2,2021-01-29,64,2021-06-28
Mercedes,Riehl,2000-10-27,MeRi97@live.com,958354830,263,2021-01-30,65,2022-11-14
Марта,Шило,1999-11-08,МаШи64@mail.ru,808682724,209,2021-02-01,66,2021-05-11
Dawid,Kubów,1968-04-06,DawiKubó39@o2.pl,772472866,521,2021-02-01,67,2022-04-02
Тереза,Ніколюк,1951-09-24,ТерНікол9@gmail.com,403662170,307,2021-02-02,68,2021-04-24
Urszula,Zysk,1996-10-19,UrsZy@gmail.com,125339768,188,2021-02-02,69,2022-05-08
Leon,Lichoń,1947-09-02,LeLi90@wp.pl,916644897,440,2021-02-03,70,2021-02-06
Julita,Czuj,1978-12-01,JulitCzu50@live.com,804993882,55,2021-02-04,71,2023-05-10
Monika,Handke,1951-07-22,MonHan30@gmail.com,629729700,583,2021-02-05,72,2021-02-19
Tadeusz,Fraszczyk,1992-12-13,TadeFra@live.com,356860071,139,2021-02-06,73,2021-12-23
Janina,Fronczyk,1947-09-12,JaFr@gmail.com,233944372,53,2021-02-07,74,2022-02-25
Wojciech,Dziadowicz,1954-07-17,WojcDzi@o2.pl,144955492,187,2021-02-08,75,2021-02-27
Gustaw,Słonka,1993-04-28,GuSłon49@gmail.com,428112672,290,2021-02-08,76,2021-04-17
Franciszek,Frycz,1999-06-02,FrancFry@wp.pl,564513364,512,2021-02-09,77,2022-05-04
Eryk,Walencik,1950-08-02,ErWale69@o2.pl,115169697,105,2021-02-10,78,2021-12-14
Filip,Schubert,2007-03-06,FiliSchube65@wp.pl,636662862,560,2021-02-10,79,2023-03-21
Юстим,Пелех,1976-10-03,ЮстиПел14@mail.ru,415852281,251,2021-02-11,80,2021-08-07
Mikołaj,Surmiak,1999-07-29,MikołaSurm98@live.com,636870706,80,2021-02-11,81,2022-01-30
Marie,Hájková,1971-02-11,MarHájkov@gmail.com,592205134,286,2021-02-12,82,2022-03-16
Kalina,Wyrobek,2006-05-10,KalinWyro11@wp.pl,686141681,318,2021-02-12,83,2022-02-23
Hans-Michael,Fechner,1950-04-05,Hans-MiFechn78@live.com,450953951,25,2021-02-12,84,2023-02-02
Alex,Elert,2000-01-16,AleEl@o2.pl,288502041,102,2021-02-15,85,2022-09-22
Nela,Kwoka,1951-03-11,NeKwok@gmail.com,238945647,67,2021-02-16,86,2021-11-29
Галина,Гунько,2001-01-08,ГалГун@live.com,291643734,419,2021-02-19,87,2022-07-23
Jerzy,Szumiec,1997-07-09,JerzSzum@o2.pl,549528389,256,2021-02-20,88,2021-03-26
Julita,Zbroja,1971-08-03,JuliZbroj93@o2.pl,549476923,233,2021-02-22,89,2022-07-03
Kornelia,Stempin,2009-11-06,KoSt74@live.com,287366494,94,2021-02-22,90,2021-05-14
Janina,Makosz,1998-02-09,JanMakos@wp.pl,767288348,69,2021-02-22,91,2022-03-06
Alena,Kolářová,2003-04-21,AlKolá53live.com,424766842,22,2021-02-23,92,2022-10-21
Przemysław,Gabryszak,1943-01-14,PrzGabr@o2.pl,382358359,14,2021-02-23,93,2022-10-24
Marianna,Głowienka,2008-06-30,MarGłowien35@o2.pl,887897792,32,2021-02-24,94,2022-06-14
Bartek,Małys,2000-06-24,BarMały@wp.pl,468613821,324,2021-02-26,95,2021-10-11
Mieszko,Szymula,1949-12-07,MieszSzymul@wp.pl,917474023,291,2021-02-26,96,2021-03-27
Ida,Masny,1949-03-20,IdMasn80@live.com,631073262,107,2021-02-26,97,2021-04-27
Justyna,Koniec,1993-08-11,JustKon72@live.com,749599457,226,2021-02-27,98,2021-06-10
Kornel,Wójt,1960-05-18,KorneWó@wp.pl,545760270,358,2021-02-28,99,2021-05-16
Sylwia,Hanke,1944-11-30,SyHan0@gmail.com,776185576,242,2021-03-01,100,2023-05-17
Lidia,Zimoń,1943-09-20,LiZi@o2.pl,107528948,184,2021-03-02,101,2022-07-05
Karina,Ziarnik,1951-07-14,KariZi29@live.com,299306063,492,2021-03-05,102,2022-01-18
Róża,Suszka,2000-06-27,RóSusz3@wp.pl,941739498,8,2021-03-06,103,2022-12-10
Alessandro,Berger,1998-11-19,AlBerge@gmail.com,783917701,344,2021-03-06,104,2021-12-22
Aleš,Říha,2003-10-21,AleŘíh13@gmail.com,537025664,532,2021-03-07,105,2021-03-18
Monika,Roś,1956-04-19,MonikRo58@live.com,837361119,437,2021-03-09,106,2022-01-16
Julianna,Szczepaniuk,1981-09-12,JuliannSzczepa91@o2.pl,619350814,54,2021-03-10,107,2021-08-10
Natasza,Ćwierz,1993-08-30,NataĆwie61@o2.pl,836815941,119,2021-03-11,108,2022-09-01
Kamila,Budzeń,1953-04-16,KamiBudz@gmail.com,639416117,524,2021-03-12,109,2022-11-18
Fredi,Wulff,1971-12-18,FredWulf75@gmx.net,755649095,89,2021-03-12,110,2022-06-10
Kornelia,Ceran,1976-07-29,KorneliCer@live.com,247897258,132,2021-03-12,111,2022-03-14
Anastazja,Kraszkiewicz,1977-12-11,AnaKraszkiewic99@gmail.com,217893660,566,2021-03-12,112,2022-05-02
Aniela,Myrcha,1992-04-23,AniMyrc51@wp.pl,739850203,504,2021-03-15,113,2021-06-17
Dariusz,Bugiel,1998-11-22,DariuBugi6@gmail.com,317872794,367,2021-03-15,114,2023-02-13
Monika,Kudełka,1969-08-04,MoniKudeł2@live.com,642225245,161,2021-03-15,115,2023-04-04
Franciszek,Tytko,1954-06-25,FraTyt@o2.pl,530045137,599,2021-03-15,116,2022-01-06
Tobiasz,Kałwak,1962-07-05,TobiKał68@gmail.com,689453125,509,2021-03-16,117,2021-07-15
Roksana,Hutnik,1986-10-05,RoksaHu35@wp.pl,576279500,471,2021-03-17,118,2021-04-06
Patryk,Tryc,1975-06-17,PaTr@gmail.com,692179990,39,2021-03-17,119,2023-04-18
Drahomíra,Králová,1954-03-08,DrahomíKr@szn.cz,955119227,452,2021-03-20,120,2023-03-30
Aniela,Gumuła,1989-11-30,AnGu27@gmail.com,190264861,171,2021-03-22,121,2022-10-07
Kornelia,Ćwierz,1956-07-01,KorneĆw58@gmail.com,659834173,304,2021-03-23,122,2022-07-20
Julianna,Wittbrodt,1994-04-11,JulianWitt@gmail.com,741212554,3,2021-03-27,123,2021-09-05
Rafał,Wasiuk,1953-02-07,RafaWasi16@o2.pl,550177511,235,2021-03-29,124,2021-04-20
Kajetan,Fabiszak,1996-04-02,KajeFab@gmail.com,916249946,379,2021-03-30,125,2021-12-03
Miroslav,Hájek,1950-03-31,MiroHáj@gmail.com,426605113,408,2021-04-01,126,2021-04-15
Natan,Łaskawiec,1976-12-21,NataŁaskawie@o2.pl,808056958,393,2021-04-01,127,2021-10-14
Elżbieta,Gryszkiewicz,1984-08-01,ElżbietGryszkiewi65@o2.pl,278449761,370,2021-04-01,128,2023-03-17
Andrzej,Peukert,1979-01-12,AndPeu@web.de,205777476,477,2021-04-01,129,2022-10-28
Gabriel,Plona,1955-06-05,GaPlo55@live.com,111146775,93,2021-04-01,130,2022-12-01
Josef,Beer,1974-09-14,JosBee@web.de,937098533,544,2021-04-02,131,2023-01-12
Stanisław,Wudarczyk,1981-10-27,StanWudarcz@wp.pl,826674703,96,2021-04-04,132,2023-06-01
Robert,Rohde,1977-10-28,RoberRohd73@wp.pl,487127175,588,2021-04-05,133,2021-12-20
Radovan,Bartoš,1996-11-22,RadBarto@szn.cz,325648189,146,2021-04-05,134,2023-03-15
Filip,Starościak,1970-12-01,FilStaro@wp.pl,283430222,540,2021-04-05,135,2021-08-24
Dagmara,Nitkiewicz,1980-12-14,DagmNitkiewic@o2.pl,606958946,234,2021-04-05,136,2021-05-08
Olga,Gołofit,1950-04-05,OlgGo56@o2.pl,464418740,220,2021-04-06,137,2021-07-12
Grzegorz,Trybuś,1988-11-30,GrzegorTry@live.com,688218287,211,2021-04-06,138,2021-10-14
Nela,Łachacz,1982-07-30,NelŁach@wp.pl,111827082,355,2021-04-07,139,2021-05-09
Tymon,Szulczyk,1973-11-02,TySzulczy76@wp.pl,537219044,144,2021-04-08,140,2021-07-09
Kajetan,Dylak,1993-08-20,KajetaDyl53@wp.pl,983268291,426,2021-04-12,141,2021-08-29
Inga,Wyrobek,1945-12-20,InWyro@live.com,575293471,200,2021-04-12,142,2021-10-27
Aniela,Stępka,1977-10-19,AniSt70@gmail.com,367637634,445,2021-04-13,143,2021-10-29
Eryk,Czermak,1974-02-01,EryCzer@o2.pl,194062424,174,2021-04-13,144,2021-08-05
Maksymilian,Ciereszko,1945-08-02,MaksCier19@live.com,408406181,183,2021-04-13,145,2022-03-02
Dina,Klotz,2010-01-10,DinKlot64@gmail.com,525661924,85,2021-04-14,146,2023-03-01
Mateusz,Szatanik,1965-04-27,MaSzatani69@o2.pl,358416519,378,2021-04-15,147,2022-06-06
Franciszek,Dzienisz,1986-03-20,FranDzien@o2.pl,945448928,232,2021-04-15,148,2021-09-14
Dagobert,Pruschke,1992-07-02,DaPruschk59@live.com,444305488,289,2021-04-16,149,2021-05-31
Nela,Boś,1962-10-20,NelBo@o2.pl,199084276,354,2021-04-16,150,2021-04-23
Damian,Jędrak,2008-05-03,DamiJę@live.com,175487411,35,2021-04-17,151,2022-03-06
Tymoteusz,Rusiniak,2004-07-27,TymoteuRusi3@gmail.com,106695182,435,2021-04-20,152,2022-02-23
Михайло,Даценко,1942-10-28,МихДацен97@live.com,952498446,212,2021-04-20,153,2021-08-01
Ada,Sereda,1971-02-01,AdSer@wp.pl,413785212,272,2021-04-21,154,2021-05-27
Justyna,Koj,1972-06-24,JustynKo@gmail.com,903658685,266,2021-04-21,155,2021-06-29
Andrey,Schulz,1980-07-26,AndSchul@gmx.net,593051144,158,2021-04-21,156,2022-05-11
Jędrzej,Noras,1975-10-08,JęNor90@gmail.com,202031311,68,2021-04-22,157,
Jeremi,Raźniak,1967-05-06,JeRaźni49@o2.pl,896687894,563,2021-04-23,158,2022-07-03
Sara,Młodzik,1944-01-21,SarMłodz@gmail.com,812272115,580,2021-04-23,159,2021-09-12
Karina,Górkiewicz,1962-06-02,KaGór@gmail.com,343004536,191,2021-04-23,160,2022-01-01
Ignacy,Chlipała,1997-10-08,IgnChli44@o2.pl,881573026,214,2021-04-24,161,2021-09-17
Leon,Serzysko,1982-08-30,LeSerz39@live.com,833871772,431,2021-04-24,162,2021-05-09
Bianka,Zackiewicz,1981-11-12,BianZa46@wp.pl,408722025,207,2021-04-25,163,2022-02-11
Antoni,Hejduk,1965-10-05,AntoHe75@live.com,422684233,315,2021-04-25,164,2022-11-29
Stefan,Wawrzyczek,1986-09-09,StWaw50@live.com,135432111,327,2021-04-25,165,2023-04-24
Grzegorz,Zięcik,1956-09-04,GrzegZięc@live.com,917817506,282,2021-04-26,166,2022-05-15
Błażej,Gabryel,1960-12-15,BłażGabr92@o2.pl,152805721,229,2021-04-26,167,2022-04-18
Nela,Budner,1961-08-23,NelBud@o2.pl,392482107,404,2021-04-29,168,2022-08-02
Julita,Plak,1943-04-27,JulitPl@wp.pl,331312174,18,2021-04-30,169,2021-06-25
Konrad,Sieradzan,1992-06-17,KonrSierad66@live.com,845158199,500,2021-05-04,170,2022-12-15
Sara,Staręga,1974-12-15,SaStar1@live.com,324759881,116,2021-05-04,171,2022-06-30
Łukasz,Samulak,1949-03-10,ŁukSamu@wp.pl,450906303,484,2021-05-05,172,2022-09-03
Maurycy,Berendt,2005-01-16,MaurBer88@o2.pl,633492563,23,2021-05-05,173,2022-08-16
Соломон,Стус,1968-11-02,СоломоСту86@live.com,137266497,595,2021-05-06,174,2022-01-04
Marie,Nováková,1993-02-21,MarNováko@szn.cz,797816906,541,2021-05-06,175,2021-07-14
Tola,Kanarek,2001-06-17,TolKan@wp.pl,494723624,142,2021-05-07,176,2023-05-08
Гаврило,Прокопович,1988-07-14,ГавриПр95@live.com,468130672,553,2021-05-09,177,2021-09-09
Błażej,Kudlak,1947-07-15,BłażeKu@live.com,437170457,112,2021-05-09,178,2022-01-30
Tymoteusz,Smolka,2003-10-11,TymSmol@wp.pl,148012378,10,2021-05-09,179,2022-01-26
Oliwier,Strug,1971-10-13,OliwStru87@wp.pl,913140810,550,2021-05-12,180,2023-05-29
Fabian,Miszkiel,1951-08-31,FabMisz@gmail.com,948803280,424,2021-05-12,181,2022-08-31
Nela,Szott,2010-04-08,NelSz60@wp.pl,684836468,228,2021-05-13,182,2021-06-07
Marcin,Staciwa,1997-12-15,MarciStaci74@wp.pl,557073929,267,2021-05-14,183,2022-07-23
Wiktor,Kidawa,2010-04-13,WikKid47@gmail.com,798586753,592,2021-05-14,184,2023-02-22
Konrad,Kotlarek,1994-08-23,KonrKo5@o2.pl,263956799,190,2021-05-20,185,2022-07-13
Aurelia,Szatko,1987-06-04,AurSz15@o2.pl,854014446,526,2021-05-21,186,2023-02-24
Aniela,Paleń,1963-10-06,AnPal@wp.pl,761026849,19,2021-05-22,187,2022-01-06
Melania,Trzyna,1970-09-07,MelTrzy@o2.pl,119498247,317,2021-05-23,188,2021-07-07
Tola,Niemira,2006-03-13,ToNi@gmail.com,297771326,569,2021-05-23,189,2022-12-07
Sonia,Pianka,1959-05-02,SonPia@gmail.com,226897765,366,2021-05-23,190,2022-10-07
Adrian,Drost,1986-11-30,AdriDro28@o2.pl,782071596,422,2021-05-24,191,2022-02-16
Sonia,Wicha,1961-04-03,SonWic77@gmail.com,965926063,230,2021-05-24,192,2023-04-26
Валерій,Демʼянюк,1944-10-03,ВалДе39@gmail.com,686950088,513,2021-05-26,193,2023-04-01
Kamila,Matyjasek,1966-01-26,KamiMatyja58@gmail.com,561060112,328,2021-05-26,194,2021-12-15
Oliwier,Pastucha,1985-03-14,OliwiePastuc@live.com,190535254,259,2021-05-27,195,2022-04-16
Karina,Ochał,1944-07-10,KariOc@wp.pl,979860975,86,2021-05-27,196,2021-08-07
Fryderyk,Niedbał,1966-11-14,FryderNi62@live.com,710169017,81,2021-05-27,197,2022-02-08
Jędrzej,Kubanek,1950-12-11,JęKuba30@live.com,983539267,98,2021-05-28,198,2022-04-27
Juliusz,Turczyk,1964-02-28,JuliTurcz49@gmail.com,988601805,401,2021-05-28,199,2023-01-02
Cezary,Rudolf,1976-02-20,CeRudo21@live.com,786917506,257,2021-05-31,200,2023-06-08
Sylwia,Saternus,1996-01-10,SySate35@o2.pl,995987625,175,2021-05-31,201,2021-12-09
Cyprian,Pioch,1969-04-02,CypriaPi76@live.com,464020294,280,2021-06-01,202,2023-04-16
Adrianna,Kośka,1988-07-12,AdKo@live.com,355779161,466,2021-06-02,203,2022-03-04
Jacek,Kala,1959-05-16,JacKal53@wp.pl,482381984,50,2021-06-03,204,2021-11-16
Apolonia,Letkiewicz,1959-01-23,ApoLetkie7@o2.pl,274965028,575,2021-06-04,205,2021-10-21
Grzegorz,Krasa,1988-05-03,GrzeKras72@gmail.com,966095695,473,2021-06-04,206,2022-06-17
Przemysław,Kujawiak,1944-07-16,PrzemysKujawi81@wp.pl,817546342,546,2021-06-05,207,2023-04-12
Apolonia,Usarek,1984-11-04,ApoloniUsar39@live.com,419731571,222,2021-06-05,208,2021-11-13
Aurelia,Wojtaszczyk,2009-07-08,AurelWo32@gmail.com,522424295,368,2021-06-06,209,2023-01-05
Венедикт,Сіробаба,1942-09-16,ВенСіроба6@gmail.com,308567149,181,2021-06-06,210,2022-08-03
Lidia,Pędzik,1957-10-26,LidPędzi16@live.com,604967754,38,2021-06-07,211,2022-05-25
Теодор,Баранник,1969-10-22,ТеодБаранни@live.com,775571825,150,2021-06-08,212,2021-11-02
Tola,Kurp,1971-05-21,ToKu59@o2.pl,478625529,76,2021-06-08,213,2023-04-10
Filip,Małysiak,1978-10-07,FiliMałys23@o2.pl,393678838,558,2021-06-09,214,2023-06-06
Adrianna,Gryta,2009-11-24,AdriGryt95@o2.pl,645408514,538,2021-06-09,215,2021-08-30
Cezary,Kolanko,1964-04-11,CezaKo43@live.com,568901619,522,2021-06-09,216,2021-12-03
Nikodem,Budrewicz,1988-03-10,NiBudr16@gmail.com,348683776,356,2021-06-09,217,2023-01-19
Růžena,Růžičková,1969-12-22,RůžeRůži16@szn.cz,729654787,176,2021-06-10,218,2023-01-05
Lidia,Poczta,1966-11-17,LidPocz@wp.pl,132239505,364,2021-06-10,219,2022-06-27
Julianna,Suda,1991-05-21,JulianSu@wp.pl,850772561,30,2021-06-11,220,2021-11-08
Klara,Bąbel,1943-10-31,KlBąb84@gmail.com,227328437,110,2021-06-13,221,2023-03-25
Marcelina,Kożuszek,1946-07-03,MarcelKoż11@o2.pl,158253195,194,2021-06-14,222,2023-01-08
Eryk,Szoka,1989-11-11,ErSzok@wp.pl,251973481,91,2021-06-15,223,2022-06-09
Krystyna,Grzenia,1994-05-19,KrGrzen@wp.pl,697064052,389,2021-06-18,224,2022-07-16
Gisbert,Hartmann,1985-02-21,GisbHartman97@gmail.com,754783723,236,2021-06-18,225,2021-07-02
Jacek,Karczmarek,1969-02-16,JaKarczma52@o2.pl,837798856,319,2021-06-19,226,2021-09-14
Тетяна,Артюх,1958-09-08,ТеАр4@gmail.com,187904826,519,2021-06-19,227,2021-10-21
Apolonia,Cholewka,1968-08-07,ApoloniCholewk16@wp.pl,782164105,421,2021-06-21,228,2022-12-29
Roksana,Pryk,1976-01-31,RokPr@live.com,255196974,456,2021-06-22,229,2021-11-10
Štefan,Polák,1967-04-20,ŠtPolálive.com,914944907,41,2021-06-23,230,2022-05-03
Nataniel,Brząkała,1966-12-14,NatanBrz36@live.com,668257905,314,2021-06-23,231,2022-01-21
Климент,Бабич,1950-01-17,КлБа@mail.ru,303498008,122,2021-06-24,232,2022-03-12
Stefan,Achtelik,2005-12-05,StefAchte60@live.com,642537212,343,2021-06-24,233,2023-05-22
Kornelia,Grzesiek,1993-12-11,KorGrzesie35@gmail.com,513221639,453,2021-06-24,234,2022-10-21
Blanka,Zimoląg,1974-08-26,BlZimolą37@gmail.com,773360421,420,2021-06-25,235,2021-08-03
Jeremi,Chomik,1979-03-15,JeremCh59@live.com,986540466,154,2021-06-25,236,2021-11-13
Aurelia,Kopij,2008-08-30,AurKo@gmail.com,849639268,165,2021-06-26,237,2023-01-28
Aniela,Subocz,1951-11-18,AnielSu33@gmail.com,614189212,264,2021-06-27,238,2023-04-25
Tomas,Heß,1950-10-14,ToHe@live.com,856204700,167,2021-06-27,239,
Szymon,Podeszwa,1958-06-16,SzPode73@o2.pl,603859783,123,2021-06-27,240,2023-04-16
Krystyna,Boruc,1984-08-03,KrBoru@gmail.com,433663763,439,2021-06-28,241,2022-04-27
Krystyna,Bylina,1997-07-29,KrByl21@gmail.com,680081406,312,2021-06-28,242,2021-12-09
Agnieszka,Januszewicz,1991-11-22,AgnieszkJanuszewic68@gmail.com,449735702,83,2021-06-28,243,2023-04-26
Witold,Biernacik,2000-03-10,WitBierna@gmail.com,551721310,586,2021-06-29,244,2023-06-07
Ewelina,Bielat,1965-04-01,EwelBie60@gmail.com,553264801,325,2021-06-29,245,2022-02-27
Eryk,Potaczek,1989-01-16,ErPotacz2@live.com,773468585,528,2021-07-02,246,2021-11-14
Andrea,Bartošová,1973-09-25,AndrBa@szn.cz,584424501,178,2021-07-03,247,2023-02-03
Cyprian,Maszkiewicz,2006-04-18,CyMaszkiewic20@live.com,926093602,542,2021-07-03,248,2022-11-30
Klara,Cydzik,1984-09-06,KlarCydz44@live.com,625298983,360,2021-07-03,249,2021-08-02
Klara,Sutor,1988-10-18,KlarSut@gmail.com,259407602,596,2021-07-03,250,2022-01-14
Nicole,Niesporek,1966-12-26,NicolNies25@o2.pl,530049720,301,2021-07-04,251,2021-08-06
Anita,Śliż,1996-12-28,AnŚl43@wp.pl,240987937,281,2021-07-06,252,2022-06-08
Bedřich,Holub,2000-09-08,BedřHolulive.com,309502029,278,2021-07-06,253,2021-11-06
Julian,Wołos,1998-11-26,JuliaWoło53@wp.pl,210237007,170,2021-07-06,254,2022-06-15
Christa-Maria,Plath,1984-08-25,Christa-MarPlat86@web.de,292207455,294,2021-07-07,255,2021-10-20
Nora,Trubin,1964-03-12,NoTrubi@live.com,987050263,75,2021-07-09,256,2022-02-21
Ksawery,Prejs,2005-04-14,KsawePr88@gmail.com,810507560,534,2021-07-09,257,2022-07-28
Angelika,Mitek,1952-04-27,AngeliMite15@o2.pl,718453783,373,2021-07-10,258,2022-02-07
Klara,Kościelak,1976-06-10,KlaKo72@wp.pl,293094631,388,2021-07-11,259,2023-03-25
Nikodem,Sych,1948-03-29,NikodSy99@o2.pl,133285595,284,2021-07-12,260,2022-08-08
Krystyna,Petryk,1990-04-07,KryPet44@o2.pl,105742963,333,2021-07-12,261,2022-06-01
Aleksander,Linda,1949-07-23,AleksandLi95@o2.pl,208048079,565,2021-07-15,262,2022-10-14
Kornelia,Foit,1960-05-15,KornelFo75@wp.pl,428385605,339,2021-07-15,263,2022-11-19
Dariusz,Chłąd,1994-05-26,DarChłą17@o2.pl,206090870,332,2021-07-16,264,2023-01-11
Eliza,Mrozowicz,1949-12-13,ElizMrozowic76@gmail.com,525258024,237,2021-07-19,265,2022-09-06
Józef,Szmalec,1982-10-30,JózSzm2@o2.pl,688430142,66,2021-07-19,266,2022-10-13
Malwina,Herba,1976-01-21,MalwinHerb39@gmail.com,485164536,136,2021-07-19,267,2022-11-02
Marcin,Dziuda,1990-06-03,MarcDz40@live.com,884917688,517,2021-07-21,268,2022-01-22
Dagmara,Duszczak,1962-12-13,DagmaDusz@live.com,498236265,217,2021-07-22,269,2022-03-18
Apolonia,Buczma,1966-03-28,ApoloBuczm71@live.com,762122010,465,2021-07-22,270,2021-09-27
Mikołaj,Rzeźniczak,1987-10-15,MikRzeźnicz2@gmail.com,459826348,385,2021-07-23,271,2022-01-05
Oskar,Zawalich,1999-07-28,OskZaw81@o2.pl,465433995,322,2021-07-23,272,2022-05-26
Mikołaj,Wielgo,1978-06-20,MikołWie@o2.pl,552608871,396,2021-07-23,273,2022-06-14
Aleks,Surdel,2005-03-27,AlekSurde14@o2.pl,109502646,157,2021-07-23,274,2023-02-08
Justyna,Han,1971-01-11,JustynHa89@gmail.com,928104220,141,2021-07-25,275,2022-04-27
Aurelia,Bracha,1970-07-25,AureliBr11@o2.pl,646701847,571,2021-07-25,276,2022-11-06
Andrzej,Sady,2010-04-27,AnSad15@wp.pl,724732905,277,2021-07-27,277,2022-08-05
Karol,Stachewicz,1946-10-26,KarStach77@o2.pl,776291752,9,2021-07-28,278,2021-12-23
Artur,Jeszka,1992-09-13,ArJes@wp.pl,403306770,410,2021-07-29,279,2022-01-21
Melania,Mordak,1953-11-14,MelMo@wp.pl,349374117,382,2021-07-30,280,2022-02-13
Josef,Sedláček,1988-09-30,JoseSedlá61@gmail.com,609601709,244,2021-07-31,281,2021-12-21
Bianka,Wieczerzak,1944-02-29,BiWi@live.com,736353370,108,2021-08-01,282,2021-10-15
Mikołaj,Jamrożek,1966-01-05,MiJamro@gmail.com,804788441,499,2021-08-01,283,2021-08-15
Justyna,Forysiak,1985-07-26,JustForys35@wp.pl,230060902,380,2021-08-01,284,2022-06-12
Klara,Graboś,1997-06-06,KlaGrab84@live.com,112449130,109,2021-08-01,285,2022-07-08
Anita,Szkatuła,2001-01-21,AnSz91@o2.pl,773798921,163,2021-08-02,286,2022-11-17
Apolonia,Ochał,1948-12-28,ApOcha48@wp.pl,879135739,403,2021-08-02,287,2022-11-02
Aniela,Małas,2008-02-15,AnMa@wp.pl,663821549,340,2021-08-03,288,2022-01-06
Otto,Eberhardt,1953-04-24,OttEbe@live.com,420321307,33,2021-08-04,289,2021-12-03
Anita,Fiedler,2002-08-12,AniFiedl@live.com,405867892,260,2021-08-06,290,2022-08-20
Antoni,Starościak,1984-01-05,AntonStarości@wp.pl,154417439,568,2021-08-06,291,2022-10-27
Urszula,Białach,1968-10-21,UrszulBiał@live.com,761145433,577,2021-08-06,292,2023-02-08
Julianna,Lampart,1959-04-21,JuLa@wp.pl,741174670,64,2021-08-09,293,2021-12-24
Rozalia,Tadych,1967-12-21,RozaTadyc29@gmail.com,481158412,578,2021-08-09,294,2022-08-01
Sylwia,Boguta,2007-10-26,SyBo38@o2.pl,378914988,463,2021-08-10,295,2023-04-08
Олекса,Ткаченко,2000-01-02,ОлекТкаченк60@gmail.com,820098694,180,2021-08-10,296,2023-01-03
Miłosz,Wardziak,1977-09-19,MiłosWa8@o2.pl,845973139,427,2021-08-11,297,2021-11-24
Alex,Szott,1968-04-11,AleSzot@live.com,360607894,274,2021-08-13,298,2022-09-02
Alex,Gęgotek,1958-05-30,AleGę@o2.pl,919662913,192,2021-08-13,299,2023-05-05
Marcel,Bryda,1955-08-09,MarceBr@live.com,323968467,293,2021-08-15,300,2021-09-01
Olga,Spólnik,1951-12-23,OlgSp@o2.pl,950227418,4,2021-08-18,301,2023-03-12
Яків,Корсун,1964-09-17,ЯкКор@gmail.com,503011003,166,2021-08-19,302,2022-05-13
Tymon,Broniarek,1996-02-09,TymBroniar29@live.com,107353056,27,2021-08-20,303,2022-06-08
Natasza,Panasiewicz,2003-04-20,NataPan76@gmail.com,656566592,460,2021-08-21,304,2022-10-07
Тарас,Онуфрієнко,1985-06-02,ТаОн98@mail.ru,935839583,254,2021-08-22,305,2022-06-26
Nataniel,Paliga,1961-08-06,NatanPa20@live.com,876316810,503,2021-08-25,306,2022-10-14
Eliza,Kutnik,1981-09-12,ElKutni5@o2.pl,679019441,271,2021-08-25,307,2021-10-10
Kamila,Białous,1994-04-26,KamiBiałou@live.com,579001696,555,2021-08-27,308,2023-02-21
Wojciech,Gumuła,1998-07-21,WojcGum29@o2.pl,158901295,106,2021-08-29,309,2023-05-26
Kamila,Ziniewicz,2006-08-01,KamiZiniewi@o2.pl,605262332,530,2021-08-30,310,
Tomasz,Cofała,1956-07-25,ToCofał18@live.com,255333981,111,2021-08-31,311,2023-02-20
Alicia,Becker,1995-03-26,AlicBeck24@web.de,403398891,549,2021-09-01,312,2022-11-26
Agnieszka,Maślach,1952-05-01,AgnMaś15@gmail.com,591860409,61,2021-09-05,313,2023-04-26
Ada,Mądrzak,1977-02-25,AdMąd5@gmail.com,371558503,160,2021-09-05,314,2022-09-09
Justyna,Wons,1960-08-15,JustWon100@o2.pl,533005013,348,2021-09-06,315,2023-02-03
Gaja,Wyskiel,1970-02-11,GaWys45@o2.pl,915679661,47,2021-09-08,316,2022-06-13
Michał,Gryszkiewicz,2002-09-17,MichGryszkie@live.com,237212615,297,2021-09-08,317,2021-09-15
Nela,Piwek,1952-02-11,NePiw@wp.pl,332363800,497,2021-09-08,318,2021-09-19
Ernest,Hejduk,1984-03-06,ErnHej74@live.com,494146157,133,2021-09-09,319,2021-09-30
Любов,Засенко,1976-02-16,ЛюбЗас84@gmail.com,667291931,321,2021-09-09,320,2021-11-05
Róża,Namysł,1974-03-15,RóżNamys82@gmail.com,480580802,12,2021-09-12,321,2023-04-27
Oliwier,Fąferek,1988-05-22,OliFąfere@wp.pl,655810764,414,2021-09-12,322,2022-03-17
Witold,Bienia,1971-05-03,WitBie35@o2.pl,321351290,399,2021-09-13,323,2023-04-27
Marcelina,Czuj,1976-10-19,MarcelinCzu66@gmail.com,945163282,121,2021-09-14,324,2022-11-08
Marianna,Gwardiak,1957-06-07,MaGward@live.com,518368487,248,2021-09-15,325,2021-10-21
Marianna,Żołna,1998-09-06,MarŻo84@wp.pl,379269690,458,2021-09-15,326,2023-03-22
Tobiasz,Kłósek,1993-01-09,TobiaKłós97@live.com,954410621,270,2021-09-16,327,2022-07-15
Kamila,Wyłupek,1994-06-15,KamiWyłu@gmail.com,454503858,551,2021-09-17,328,2021-09-27
Marcelina,Sprycha,1952-09-06,MarcelinSprych62@gmail.com,390867876,584,2021-09-18,329,2021-09-28
Iwo,Niechciał,1966-02-17,IwNiechc90@wp.pl,812031547,197,2021-09-20,330,2022-04-14
Irmgard,Döring,1992-11-28,IrmgaDörin59@gmx.net,705770160,128,2021-09-22,331,2021-11-21
Franciszek,Gzyl,2006-06-18,FraGz@wp.pl,357084546,84,2021-09-24,332,2022-09-23
Maks,Sass,1946-08-05,MaSa22@live.com,153669656,117,2021-09-25,333,2022-03-24
Eryk,Steuer,1972-11-13,ErySte54@gmail.com,792682023,149,2021-09-26,334,2022-11-07
Sylwia,Holeksa,1970-02-12,SylwiHol64@o2.pl,790365433,448,2021-09-28,335,2023-01-09
Verena,Kambs,2000-05-10,VeKamb95@web.de,747999403,269,2021-09-29,336,2022-04-29
Adrianna,Piotrowiak,1961-05-19,AdPio23@o2.pl,793914429,392,2021-09-29,337,2022-01-20
Damian,Wrochna,2009-09-01,DaWroc@wp.pl,754296797,557,2021-09-30,338,2022-10-28
Julianna,Galon,2007-04-06,JuliGalo@o2.pl,626050343,40,2021-10-02,339,2022-09-08
Malwina,Kosak,2008-02-03,MalwinKo@gmail.com,753994470,252,2021-10-02,340,2022-03-20
Ida,Pesta,1983-11-15,IdPest77@o2.pl,485745062,162,2021-10-04,341,2022-11-05
Hubert,Dziwak,1989-11-09,HuDz11@live.com,700138282,362,2021-10-06,342,2021-12-11
Blanka,Galuba,1966-01-14,BlankGa@live.com,152987207,179,2021-10-06,343,2022-06-29
Krystyna,Kołsut,2002-03-19,KrKoł14@live.com,882743614,495,2021-10-07,344,2022-07-16
Marcelina,Zaczyk,1948-02-17,MarceZa36@o2.pl,229178390,554,2021-10-08,345,2022-11-16
Kaja,Gąbka,1974-05-28,KaGą97@o2.pl,246286169,587,2021-10-09,346,2022-05-12
Olga,Wijata,1978-03-29,OlgWij54@gmail.com,352598627,545,2021-10-10,347,2021-11-07
Dominik,Ignatiuk,2000-08-03,DomiIgna@o2.pl,107104214,168,2021-10-10,348,2023-06-07
Eliza,Musiolik,2004-07-26,EliMu@gmail.com,302206751,376,2021-10-13,349,2022-04-29
Oskar,Mazek,1993-09-16,OskaMaz13@wp.pl,900103076,413,2021-10-14,350,2023-01-30
Геннадій,Запорожець,1968-02-23,ГеннадЗапор@live.com,837171025,29,2021-10-15,351,2022-05-18
Olga,Zubel,1984-08-10,OlZu90@live.com,453202697,143,2021-10-15,352,2022-05-14
Tymon,Kociemba,2004-06-24,TyKoc11@o2.pl,586822645,46,2021-10-16,353,2022-01-25
Олесь,Вертипорох,1994-01-22,ОлВертипо@live.com,967861260,562,2021-10-16,354,2022-05-26
Jacek,Fitrzyk,1950-06-06,JaceFitrzy@wp.pl,501536519,276,2021-10-19,355,2021-11-17
Rafał,Klaja,1985-12-22,RaKl96@live.com,347920817,73,2021-10-20,356,2022-10-13
Давид,Дрозденко,1992-01-18,ДавДро@gmail.com,773565768,341,2021-10-26,357,2022-09-08
Ada,Franas,1997-03-12,AdFran@o2.pl,874997681,479,2021-10-26,358,2023-04-18
Urszula,Mazik,1945-06-08,UrszulMaz23@wp.pl,755266230,216,2021-10-27,359,2022-12-20
Dariusz,Kubisz,1978-02-22,DariKubis100@live.com,637291292,537,2021-10-27,360,2022-04-17
Kalina,Kostera,1965-10-23,KalKoster50@wp.pl,205416548,208,2021-10-29,361,2021-12-05
Ольга,Ільченко,1987-07-26,ОльІл@gmail.com,214521340,548,2021-10-29,362,2022-01-20
Bianka,Huber,2002-11-24,BianHu19@wp.pl,167427513,361,2021-11-01,363,2021-12-20
Cyprian,Hynek,2006-04-03,CypriHyne29@gmail.com,518369301,489,2021-11-03,364,2022-12-11
Elma,Scholz,1986-06-19,ElmSch@live.com,197224538,302,2021-11-03,365,2022-07-30
Natasza,Antoń,1979-04-30,NaAnt12@live.com,666973193,104,2021-11-03,366,2022-05-15
Julianna,Glanc,1988-09-12,JuGlan58@wp.pl,463644808,527,2021-11-03,367,2023-03-16
Konrad,Gamoń,2000-07-07,KonGam@wp.pl,940440650,336,2021-11-04,368,2021-12-11
Albert,Patyna,1946-03-19,AlbePat100@wp.pl,399975302,42,2021-11-04,369,2023-04-06
Ryszard,Słoń,1944-09-20,RysSło@live.com,375597900,49,2021-11-05,370,2022-04-23
Urszula,Szlufik,1991-04-11,UrsSzl@gmail.com,560744559,113,2021-11-05,371,2022-01-27
Apolonia,Grys,1973-07-09,ApolGry56@wp.pl,260756928,151,2021-11-06,372,2022-04-02
Vladislav,Dušek,1979-07-26,VlDuše68@gmail.com,407777035,62,2021-11-07,373,2023-01-14
Nela,Pastuła,1982-03-31,NePa@live.com,144420271,92,2021-11-11,374,2022-08-27
Adrian,Uss,2000-02-06,AdrUs@wp.pl,776907893,51,2021-11-13,375,2023-02-16
Igor,Cichowlas,1988-10-25,IgoCichowl@wp.pl,737619919,573,2021-11-14,376,2021-12-13
Marek,Kotlarek,1968-08-25,MarKotl@gmail.com,951453609,140,2021-11-15,377,2022-07-31
Ada,Gul,1993-02-19,AdGu@live.com,897340280,231,2021-11-20,378,2022-05-30
Gaja,Rduch,1967-03-31,GajRduc@gmail.com,457101075,386,2021-11-22,379,2022-01-21
Mateusz,Szałaj,1999-07-31,MateusSz80@o2.pl,700762504,441,2021-11-22,380,2022-01-12
Cyprian,Bajko,2008-01-18,CyprBajk81@live.com,484861430,127,2021-11-24,381,2022-09-30
Monika,Fiedoruk,1984-05-21,MonikFiedo@gmail.com,953397703,238,2021-11-25,382,2022-11-20
Варвара,Журавель,1960-08-14,ВаЖуравел54@gmail.com,253430051,115,2021-11-30,383,2023-06-11
Тимофій,Притула,1977-05-17,ТимПрит63@live.com,528506191,130,2021-12-01,384,2022-05-24
Justyna,Ornat,1952-07-17,JusOrn1@live.com,731375605,450,2021-12-02,385,2023-05-05
Franciszek,Chowaniak,2004-01-24,FranChowania3@o2.pl,837199342,182,2021-12-03,386,2023-05-23
Wojciech,Czak,1989-08-26,WojciecCz28@gmail.com,528274139,516,2021-12-06,387,2022-03-03
Igor,Biegała,2008-07-24,IgBiega@wp.pl,398795219,407,2021-12-08,388,2022-03-07
Tymon,Ważna,1998-06-05,TymWażn@live.com,194335470,593,2021-12-12,389,2022-06-25
Геннадій,Таран,1999-06-09,ГеТар23@mail.ru,831537176,398,2021-12-12,390,2023-03-22
Urszula,Wolff,1952-03-09,UrszuWol@o2.pl,909858731,202,2021-12-12,391,2022-07-20
Tadeusz,Rode,2003-08-19,TadRo@gmail.com,802694955,15,2021-12-13,392,2022-09-29
Daniel,Kříž,1997-10-14,DanieKří15@gmail.com,351489939,195,2021-12-17,393,2023-05-02
Miłosz,Rzońca,1952-01-21,MiłRzoń@wp.pl,101576849,34,2021-12-20,394,2022-04-12
Alan,Trojanek,1983-03-15,AlTrojane90@o2.pl,643569964,365,2021-12-20,395,2022-06-09
Sylwia,Szołtysik,1944-02-21,SylwiSzo72@gmail.com,744645424,148,2021-12-24,396,2023-02-20
Urszula,Capała,1970-04-09,UrsCap30@wp.pl,193531316,126,2021-12-25,397,2022-12-22
Adam,Perczak,1996-12-16,AdPe39@live.com,185967058,253,2021-12-26,398,2022-03-12
Kornelia,Ropiak,1973-08-27,KoRop71@wp.pl,282122067,255,2022-01-02,399,2022-08-01
Hans-Hinrich,Jopich,1992-05-22,HansJop@web.de,490429856,57,2022-01-02,400,2022-08-21
Sandra,Grund,1965-10-21,SandrGru39@wp.pl,907426202,349,2022-01-02,401,2023-05-11
Oliwier,Liśkiewicz,1995-04-25,OliwiLiśkie@wp.pl,253143480,467,2022-01-10,402,2022-05-24
Natan,Sobolak,1966-06-08,NaSob20@o2.pl,967500312,204,2022-01-10,403,2022-07-27
Anastazja,Miszkurka,1943-05-04,AnastaMiszkurk83@gmail.com,929722527,164,2022-01-10,404,2022-10-12
Климент,Арсенич,1946-06-15,КлАрс@mail.ru,759864887,377,2022-01-10,405,2022-04-05
Witold,Kornak,1951-12-06,WitolKorn29@live.com,646349156,351,2022-01-15,406,2023-03-21
Albert,Nijak,1956-09-26,AlbNi@wp.pl,407875996,547,2022-01-16,407,2023-04-28
Cäcilie,Heydrich,1998-06-15,CäcilHeydr34@gmx.net,364627413,391,2022-01-17,408,2022-06-16
Franz-Josef,Ruppert,1983-12-09,Franz-JosRupp@live.com,381732246,470,2022-01-19,409,2022-12-23
Eliza,Kukawka,1998-01-02,EliKukawk@live.com,364322642,6,2022-01-21,410,2022-06-29
Kacper,Spychaj,1980-01-01,KacpeSpycha55@o2.pl,710502694,243,2022-01-24,411,2022-03-18
Blanka,Szeszko,1989-06-13,BlaSzesz@live.com,155824731,147,2022-01-26,412,2023-02-05
Damian,Samul,1955-10-28,DamiaSamu53@wp.pl,234421003,564,2022-01-27,413,2022-07-20
Eliza,Rusnak,1948-04-16,ElizRu36@o2.pl,294461518,402,2022-01-29,414,2022-09-12
Aniela,Duszczak,1946-10-20,AniDuszc68@wp.pl,330475378,118,2022-01-29,415,2022-05-14
Franz-Xaver,Seifert,1948-09-01,FraSeife92@gmx.net,859396285,434,2022-01-30,416,2022-05-18
Róża,Rudolf,1993-08-08,RóRudo67@wp.pl,731664732,201,2022-01-30,417,2022-05-13
Kacper,Honkisz,1987-03-30,KaHonki43@wp.pl,273988935,173,2022-01-31,418,2023-03-11
Irene,Koch,1956-08-10,IrenKo@live.com,923097588,43,2022-02-02,419,2023-05-02
Apolonia,Solnica,1983-09-07,ApolonSoln34@gmail.com,145742406,74,2022-02-05,420,2023-03-24
Wiktor,Simon,1971-03-11,WiSimo@wp.pl,284757574,300,2022-02-07,421,2022-02-24
Olgierd,Czulak,1947-07-10,OlCzu70@gmail.com,272227638,381,2022-02-08,422,2022-11-07
Liwia,Domek,2001-05-15,LiwDome71@live.com,241466452,353,2022-02-08,423,2022-10-20
Dagmara,Krzyk,1947-06-23,DagmarKrzy@wp.pl,142559575,268,2022-02-12,424,2023-02-17
Urszula,Walocha,1968-07-23,UrWaloch89@o2.pl,146307712,493,2022-02-12,425,2023-02-07
Krzysztof,Słupek,1986-03-22,KrzysztSł99@live.com,958247254,225,2022-02-14,426,2022-07-23
Тарас,Ляшко,1993-05-25,ТараЛяшк@gmail.com,318254782,60,2022-02-19,427,2023-04-27
Józef,Jajko,1971-08-31,JóJaj87@gmail.com,417407425,374,2022-02-19,428,2023-04-04
Adrianna,Hajdukiewicz,1954-03-14,AdriaHajdu@gmail.com,774132255,326,2022-02-20,429,2022-07-31
Klara,Pizoń,1947-09-17,KlarPizo@live.com,989159592,287,2022-02-21,430,2022-12-02
Natan,Ulewicz,1975-10-29,NataUl@live.com,697903668,70,2022-02-21,431,2022-10-20
Klara,Żuberek,1951-12-07,KlarŻub34@wp.pl,756617907,241,2022-02-21,432,2022-11-17
Jerzy,Puła,1986-05-06,JePu@live.com,811775835,87,2022-02-23,433,2022-05-08
Aniela,Deryło,1973-02-20,AnDery27@live.com,363096597,536,2022-02-23,434,2022-03-11
Róża,Ekert,1953-01-26,RóEker29@live.com,124286141,455,2022-02-26,435,2023-06-08
Szymon,Froń,1982-02-06,SzymoFro49@gmail.com,642396851,425,2022-02-26,436,2023-03-29
Jędrzej,Pleskot,1952-06-26,JędrzePlesko@gmail.com,234717774,210,2022-02-26,437,
Тетяна,Зінкевич,2008-11-12,ТетянЗі@mail.ru,698873030,24,2022-02-28,438,2022-08-09
Elżbieta,Supernak,1972-04-25,ElżbSuperna25@o2.pl,319870310,507,2022-02-28,439,2022-07-31
Юстина,Атаманчук,1975-12-07,ЮстАтаманч46@live.com,846885333,390,2022-03-01,440,2022-12-01
Марина,Шаповал,1985-04-29,МаринШапо@live.com,173318532,469,2022-03-05,441,2023-05-22
Marianna,Łapaj,1984-01-12,MariaŁapa61@wp.pl,347576027,215,2022-03-06,442,2023-03-02
Sylwia,Kubowicz,1983-02-26,SylwKub39@gmail.com,229473744,135,2022-03-08,443,2022-09-15
Justyna,Majerczyk,1986-06-04,JustMajerc@o2.pl,384385725,246,2022-03-09,444,2023-01-23
Anna Maria,Heczko,1998-02-04,AnnHe@gmail.com,627931567,483,2022-03-09,445,2023-01-29
Anna Maria,Łuszczyk,1945-07-26,AnnŁu61@live.com,660633343,37,2022-03-11,446,
Domenico,Stolze,1996-06-10,DomeniSt@live.com,759934681,501,2022-03-16,447,
Fryderyk,Dubik,1944-01-21,FrydDub@o2.pl,766046755,415,2022-03-16,448,2023-05-04
Tola,Paleń,1978-04-30,ToPa67@live.com,274100973,518,2022-03-18,449,2023-01-13
Malwina,Ciastek,1962-01-24,MalwinCiaste44@gmail.com,311006081,292,2022-03-20,450,2022-06-04
Gabriel,Szymajda,1989-09-26,GabriSz47@wp.pl,331407922,371,2022-03-22,451,2022-04-10
Jerzy,Bacik,1957-03-04,JerzBa95@wp.pl,478786755,594,2022-03-23,452,2023-05-16
Kornel,Sklorz,1977-12-28,KornSkl@o2.pl,409691898,582,2022-03-23,453,2023-04-30
Melania,Rubaj,1997-09-12,MelanRu@gmail.com,676280426,114,2022-03-24,454,2022-08-09
Nela,Morys,1996-04-02,NeMor@gmail.com,404718685,597,2022-03-27,455,2023-05-06
Justyna,Piekart,1969-10-24,JuPi@wp.pl,484496150,591,2022-03-27,456,2022-09-21
Apostolos,Vollbrecht,1959-07-15,ApostoloVol58@web.de,563006564,570,2022-03-27,457,2022-08-17
Theo,Holzapfel,1996-02-24,ThHolz7@gmail.com,453970574,330,2022-03-29,458,2022-04-11
Carolina,Schönland,1946-05-17,CarolSchö57@gmx.net,784168898,219,2022-03-30,459,2023-04-11
Болеслав,Чуприна,1994-09-16,БолЧупри@live.com,800154119,296,2022-04-03,460,2023-02-25
Maks,Burczak,1972-12-13,MaBurcz95@o2.pl,280656426,486,2022-04-06,461,2022-10-28
Nicole,Pasiak,1958-09-10,NiPa42@wp.pl,882521315,124,2022-04-07,462,2023-04-14
Olaf,Masiak,1947-03-20,OlaMa@gmail.com,917584436,97,2022-04-09,463,2022-07-16
Tymon,Burza,1949-03-28,TymoBur21@o2.pl,344187029,65,2022-04-14,464,2023-05-14
Urszula,Klejna,1964-03-12,UrszKlejn@gmail.com,310873850,369,2022-04-14,465,2023-06-13
Ewelina,Bembenek,1985-10-11,EweliBembene95@gmail.com,516601054,331,2022-04-14,466,2023-05-25
Володимира,Авраменко,2003-06-18,ВолодимиАврамен@live.com,629191323,249,2022-04-16,467,2023-01-21
Kajetan,Ryczko,1995-02-01,KaRyczk@live.com,709574878,572,2022-04-18,468,2022-12-01
Tola,Prokopiak,1968-01-05,TolProko@o2.pl,732740128,464,2022-04-19,469,2022-07-25
Rafał,Szyc,1943-06-15,RaSz27@wp.pl,133827998,459,2022-04-23,470,2022-07-10
Kamila,Baum,1971-09-24,KamiBa@gmail.com,818608145,342,2022-04-25,471,2022-10-29
Anna Maria,Działa,1947-06-11,AnDz16@live.com,711231069,417,2022-04-27,472,2022-11-10
Klara,Boś,1959-05-20,KlaBo30@wp.pl,652943487,240,2022-04-27,473,2022-05-24
Анжела,Шаблій,1947-03-29,АнжеШабл@live.com,521716187,567,2022-05-01,474,2022-11-13
Inga,Warchał,1957-04-15,InWarc@live.com,985397788,82,2022-05-03,475,2023-03-18
Robert,Gal,2005-12-17,RoGa@live.com,266722910,250,2022-05-04,476,2023-04-01
Ewelina,Sykała,1960-05-21,EwelSyka66@wp.pl,698021725,457,2022-05-05,477,2022-06-01
Gaja,Rubacha,1975-10-26,GaRu40@gmail.com,870562186,363,2022-05-05,478,2023-05-09
Ernest,Panasewicz,2008-02-03,ErnesPanasew@wp.pl,365145856,447,2022-05-08,479,2023-02-01
Blanka,Konrad,1943-12-23,BlankKon@wp.pl,702247207,261,2022-05-09,480,2022-11-26
Kornelia,Bochnak,1979-01-23,KorneliBo@wp.pl,761624529,561,2022-05-18,481,2022-08-01
Роман,Шамрай,1946-09-30,РоШамра@gmail.com,697035362,298,2022-05-20,482,2022-08-02
Dagmara,Łodej,1991-11-19,DaŁode@wp.pl,400375531,265,2022-05-21,483,2023-05-15
Eliza,Hein,1961-05-09,ElHei@o2.pl,765885153,103,2022-05-22,484,2023-02-07
Aleksander,Helak,1969-03-07,AleksanHel@gmail.com,757370236,56,2022-05-25,485,2022-10-25
Michał,Chwała,1966-10-25,MichaChwa@o2.pl,519198299,523,2022-05-29,486,2023-03-23
Jan,Baumgart,1950-03-28,JaBaumg@o2.pl,403380774,44,2022-05-29,487,2022-10-01
Inga,Sobieszczyk,1957-12-01,IngSobies63@live.com,255874677,387,2022-05-31,488,2023-04-09
Aleš,Polák,1973-11-10,AlPolá52@szn.cz,342116741,485,2022-06-02,489,
Mieszko,Miszkurka,1988-08-01,MieszkMiszk83@live.com,203920672,305,2022-06-04,490,2022-08-22
Kalina,Litwiniuk,1987-10-02,KaliLit67@live.com,789369049,59,2022-06-04,491,2022-09-08
Bianka,Lesiewicz,1986-07-31,BiLesi@wp.pl,422215705,279,2022-06-08,492,2023-05-14
Karina,Kohnke,1989-01-19,KariKo@o2.pl,234978483,432,2022-06-11,493,2022-07-08
Maciej,Pasich,1952-05-01,MaciPasi@wp.pl,590566824,131,2022-06-11,494,2022-11-05
Justyna,Bernatek,1994-01-29,JustBe@live.com,741404295,88,2022-06-13,495,2022-07-30
Apolonia,Mostek,1990-06-09,ApolMos24@wp.pl,802812572,153,2022-06-13,496,2023-04-06
Jędrzej,Kasica,1979-11-26,JędrKas45@wp.pl,298860066,213,2022-06-13,497,2023-03-15
Sebastian,Częścik,1950-11-16,SebCzęśc@live.com,375652973,31,2022-06-17,498,2023-03-14
Ernest,Piekarek,1999-10-08,ErnesPie73@o2.pl,248857223,311,2022-06-19,499,2022-10-01
Dagmara,Pacholik,1954-04-25,DaPachol85@o2.pl,128885724,559,2022-06-22,500,2023-05-10
Lubomír,Mašek,1966-02-28,LubomMa6live.com,921109324,306,2022-06-22,501,2022-09-08
Jędrzej,Chatys,1987-12-15,JędChaty56@gmail.com,578183641,26,2022-06-28,502,2023-04-21
William,Liebelt,1995-10-18,WilliLiebel98@live.com,830731516,90,2022-06-28,503,2023-01-11
Sara,Fikus,1945-04-20,SaFiku45@o2.pl,812168698,5,2022-06-29,504,2023-04-23
Nicole,Sieradzan,1943-06-30,NicoSieradz92@live.com,460777019,193,2022-07-04,505,2022-11-24
Eliza,Makles,1951-08-02,ElMakl@live.com,979689551,155,2022-07-04,506,2022-10-09
Eryk,Bosek,1950-11-15,ErBos77@wp.pl,532958596,598,2022-07-06,507,2022-10-16
Roksana,Michnik,1965-05-24,RoksanMic@live.com,773908182,436,2022-07-07,508,2022-08-01
Aniela,Neugebauer,2005-08-26,AnNeugeb59@live.com,931901643,45,2022-07-08,509,
Marcelina,Danisz,2000-12-14,MarcelinDa@o2.pl,735951615,416,2022-07-09,510,2023-01-13
Tola,Damek,1975-11-11,ToDame@o2.pl,872488533,310,2022-07-12,511,2023-01-06
Agnieszka,Thiel,1983-02-18,AgnieszkTh7@gmail.com,219617632,0,2022-07-14,512,2023-03-02
Єлисавета,Шведченко,1967-03-17,ЄлисШведчен36@gmail.com,143243855,429,2022-07-17,513,2023-01-08
Błażej,Suchoń,2000-08-13,BłaSuch94@gmail.com,843559919,95,2022-07-22,514,2023-01-07
Melania,Bondyra,1985-05-05,MelaBondyr@gmail.com,926808534,525,2022-07-24,515,2023-03-02
Варвара,Оробець,2009-08-21,ВарОробец26@mail.ru,189471468,511,2022-07-25,516,
Kajetan,Choroś,1944-02-01,KajChoro@live.com,449595854,476,2022-07-27,517,2023-06-03
Федір,Вівчаренко,1991-10-03,ФедіВівчарен@gmail.com,136176861,63,2022-07-27,518,2023-03-12
Damian,Bogdał,2010-01-04,DamiBogd30@gmail.com,902668881,508,2022-07-28,519,
Janine,Rogge,1984-12-30,JaniRog28@web.de,133642004,295,2022-07-28,520,2023-03-06
Natan,Drost,1974-08-28,NatDr@gmail.com,472321006,480,2022-07-29,521,2023-05-16
Віолетта,Ільєнко,1960-05-11,ВіоІль94@mail.ru,370627325,346,2022-07-30,522,2023-05-26
Gabriel,Saran,1983-01-01,GabrieSara86@live.com,524787405,494,2022-07-31,523,2022-09-18
Anastazja,Żelazek,1987-08-30,AnasŻe@gmail.com,941144236,189,2022-08-01,524,2023-02-06
Ewelina,Fabiszak,2002-07-01,EwelinFa@live.com,636672096,1,2022-08-02,525,2022-12-06
Natan,Samulak,2000-03-17,NatSam@wp.pl,304916532,177,2022-08-03,526,2023-02-25
Давид,Гоголь,1983-06-23,ДавГого55@gmail.com,490186215,101,2022-08-05,527,2022-12-12
Mikołaj,Buczma,1985-07-19,MikBucz@gmail.com,223860108,409,2022-08-10,528,2023-01-30
Sandra,Drobik,1977-09-01,SandDro31@live.com,316701863,77,2022-08-11,529,2022-12-15
Daniel,Hołota,1971-09-22,DanHo38@o2.pl,628675937,186,2022-08-13,530,2023-02-20
Anastazja,Augustynek,1950-06-08,AnastAugusty@gmail.com,382342659,490,2022-08-15,531,2022-09-16
Cezary,Drobek,1954-10-23,CezDrob56@wp.pl,656131318,520,2022-08-16,532,2023-02-17
Apolonia,Miąsik,2000-04-03,ApMi@o2.pl,776160974,579,2022-08-18,533,2022-10-05
Dorota,Macheta,1966-09-27,DorMach79@wp.pl,407832260,285,2022-08-20,534,2023-06-12
Marika,Kolka,1988-08-23,MaKol7@live.com,579883773,283,2022-08-20,535,2022-10-15
Maksymilian,Korkosz,1974-04-13,MaksyKorko62@wp.pl,425513709,395,2022-08-25,536,
Anastazja,Rusnak,1971-04-23,AnasRus@live.com,365332593,533,2022-08-26,537,2023-05-19
Anna Maria,Milewczyk,1952-08-07,AnnMilew36@wp.pl,500419637,535,2022-08-26,538,
Сніжана,Литвиненко,1969-07-25,СніжЛитвине25@mail.ru,931924745,309,2022-08-27,539,2022-11-11
Mariusz,Smagacz,1982-06-16,MariSmag@o2.pl,756396877,323,2022-08-31,540,2022-10-03
Eliza,Bartłomiejczyk,1953-06-28,ElBartłom41@gmail.com,331664939,205,2022-08-31,541,2023-06-02
Ann,Bien,1996-04-29,AnBie53@live.com,403314199,468,2022-09-01,542,
Mateusz,Bojdo,1973-11-29,MaBojd56@o2.pl,612379066,329,2022-09-06,543,2023-05-29
Dorota,Plich,1996-06-30,DorotPli52@gmail.com,630303252,400,2022-09-08,544,2023-03-29
Ярина,Микитюк,1969-11-10,ЯриМик44@live.com,915277558,227,2022-09-10,545,2022-12-03
Nela,Picheta,1987-07-04,NePic4@live.com,532412820,159,2022-09-10,546,2022-09-10
Julian,Krzywoń,1948-11-17,JulKr@o2.pl,541947683,13,2022-09-11,547,2023-05-28
Bartek,Szulczyk,1999-03-25,BaSzu19@o2.pl,305635823,28,2022-09-13,548,2022-10-12
Jerzy,Michnik,2006-08-02,JeMichn95@wp.pl,778436662,334,2022-09-16,549,
Anna Maria,Bączkiewicz,1991-07-16,AnBączkiewi@wp.pl,900516627,145,2022-09-18,550,2022-12-06
Andrzej,Pietrasiak,1959-06-06,AnPietras66@wp.pl,315709234,423,2022-09-18,551,
Jakub,Wołodźko,1988-08-30,JaWołodźk91@live.com,541505901,17,2022-09-20,552,2022-11-25
Dawid,Wawrzyk,1947-09-17,DawiWawr84@o2.pl,259027048,138,2022-09-22,553,
Демʼян,Худяк,1986-12-29,ДеХудя@mail.ru,594689742,397,2022-09-22,554,2023-01-02
Marianna,Kliber,1956-12-06,MariKli18@o2.pl,912026758,585,2022-09-29,555,2022-11-20
Cyprian,Kusek,2001-04-20,CypriKus17@o2.pl,532205173,514,2022-10-08,556,
Dorota,Mądrzak,2006-06-19,DoroMą15@wp.pl,558207622,472,2022-10-15,557,
Natan,Małocha,1957-09-23,NataMa54@gmail.com,714717426,247,2022-10-21,558,
Anastazja,Kuk,1979-04-28,AnKu9@wp.pl,412760494,384,2022-10-21,559,2022-11-20
Przemysław,Stiller,1980-06-21,PrzemysSt14@live.com,684776648,335,2022-10-22,560,2022-12-01
Єфрем,Нестеренко,2000-11-01,ЄфреНест@live.com,182096155,481,2022-10-24,561,2023-06-13
Lidia,Nastały,2005-06-11,LidNas18@live.com,750463783,313,2022-10-29,562,
Julita,Żok,1997-02-25,JuliŻo26@live.com,750728288,352,2022-10-31,563,
Kornelia,Graś,1987-01-01,KorGra@gmail.com,637625935,258,2022-11-02,564,2023-02-07
Trude,Löffler,2007-10-26,TrLöf@live.com,150553802,539,2022-11-05,565,
Ilija,Schmiedt,1986-08-29,IliSchm85@gmail.com,181289277,581,2022-11-12,566,
Aurelia,Klaja,1964-01-06,AureKl@wp.pl,214309910,433,2022-11-17,567,
Ida,Wojtiuk,1989-11-03,IdWo54@gmail.com,784128270,275,2022-11-17,568,
Семен,Михайлюк,1972-09-20,СемеМихайл9@gmail.com,222843960,52,2022-11-25,569,2023-04-15
Krystyna,Dyrek,1979-02-10,KrystDy99@gmail.com,215508894,405,2022-12-02,570,
Tymon,Welenc,1982-07-05,TymWelen59@wp.pl,935291461,394,2022-12-04,571,2023-03-07
Rozalia,Juszczuk,1986-11-06,RozaliJus49@o2.pl,429473998,169,2022-12-09,572,
Алевтин,Василашко,1951-06-30,АлВасил71@gmail.com,588272987,48,2022-12-11,573,2022-12-28
Aleksander,Skonieczka,1951-02-26,AleksaSkoni@gmail.com,919307529,71,2022-12-13,574,2023-02-13
Софія,Стус,1980-11-23,СофіСт11@gmail.com,975986784,438,2022-12-14,575,2023-01-12
Kamila,Jażdżyk,1951-11-02,KamiJażdż@o2.pl,287734703,198,2022-12-15,576,2023-06-07
Wiktor,Wawszczyk,1966-01-13,WikWa@o2.pl,571842714,120,2022-12-16,577,
Антон,Жук,1956-01-04,АнтоЖу47@mail.ru,394600526,510,2022-12-19,578,
Dominik,Rolak,1977-11-27,DominRol@wp.pl,414256024,515,2022-12-28,579,2023-02-22
Аарон,Атаманчук,1957-01-01,АаАта67@gmail.com,137487508,72,2022-12-30,580,
Gaja,Czak,1961-08-10,GajCz@o2.pl,887663297,337,2023-01-02,581,
Krystian,Furgał,1983-03-25,KrysFur98@o2.pl,735348047,129,2023-01-09,582,
Urszula,Leśny,1989-07-24,UrszLeś@live.com,396882923,203,2023-01-10,583,
Dorota,Siciarz,1974-03-18,DoroSici83@gmail.com,584956539,475,2023-01-27,584,
Jędrzej,Jonczyk,1973-12-23,JęJoncz74@gmail.com,331951267,375,2023-01-27,585,
Agnieszka,Grabas,2005-07-11,AgnieszGra23@wp.pl,896665930,347,2023-01-28,586,2023-05-26
Maurycy,Kozieja,1971-04-01,MaurKo@live.com,348300487,430,2023-01-29,587,
Angelika,Sapa,1965-04-15,AnSap@gmail.com,304286946,502,2023-02-04,588,
Olga,Zawalich,2002-08-16,OlgZawali@wp.pl,872953779,245,2023-02-08,589,
Melania,Klos,1969-08-17,MelaKl@wp.pl,177477241,262,2023-02-13,590,
Марта,Гайденко,1978-09-03,МартГай50@gmail.com,601786777,552,2023-02-13,591,
Klara,Pielech,1975-05-14,KlPielec@live.com,160006894,556,2023-02-26,592,
Karol,Palak,2003-04-21,KarPala46@live.com,782572390,11,2023-03-01,593,
Krystyna,Walus,1976-08-24,KryWal94@o2.pl,219063255,357,2023-03-05,594,
Aleks,Prejs,2003-11-03,AlPrej89@live.com,298545123,288,2023-03-07,595,
Urszula,Wawrzyk,1980-02-06,UrszWa100@live.com,169645168,505,2023-03-16,596,
Вікторія,Захарченко,1960-04-17,ВікторЗахарче@gmail.com,306646048,137,2023-03-22,597,
Jan,Kusik,2006-11-18,JaKu68@live.com,676606539,308,2023-03-23,598,
Cyprian,Hajdasz,1999-04-07,CyHajdas@gmail.com,745897907,443,2023-04-03,599,
Петро,Єщенко,2005-11-03,ПеЄщенк38@gmail.com,637452113,303,2023-04-23,600,
